adopter_id,pet_id,home_type,has_yard,has_children,children_age_group,has_other_pets,other_pets_type,dog_experience,available_time,activity_level,preferred_size,preferred_age,pet_age,pet_energy_level,pet_temperament,pet_sociability,children_compatibility,dogs_compatibility,cats_compatibility,exercise_need,apartment_adaptability,compatibility
1,15,Apartment,False,False,N/A,False,N/A,Beginner,High,High,Medium,Idoso,1.2,High,Territorial,Low,True,True,True,High,High,1
1,61,Apartment,False,False,N/A,False,N/A,Beginner,High,High,Medium,Idoso,0.9,Low,Calm,Low,True,True,True,Low,High,1
1,114,Apartment,False,False,N/A,False,N/A,Beginner,High,High,Medium,Idoso,11.4,Medium,Independent,High,True,False,False,Low,Medium,0
1,66,Apartment,False,False,N/A,False,N/A,Beginner,High,High,Medium,Idoso,1.1,Medium,Calm,Medium,False,True,False,Low,High,1
1,73,Apartment,False,False,N/A,False,N/A,Beginner,High,High,Medium,Idoso,0.4,High,Independent,Medium,True,True,False,Low,High,1
2,117,Apartment,True,True,6-12,False,N/A,Intermediate,Medium,Medium,Medium,Filhote,6.0,High,Playful,High,False,False,True,Medium,Low,0
2,158,Apartment,True,True,6-12,False,N/A,Intermediate,Medium,Medium,Medium,Filhote,9.8,Low,Affectionate,Low,True,True,False,Low,Low,0
2,65,Apartment,True,True,6-12,False,N/A,Intermediate,Medium,Medium,Medium,Filhote,1.0,Medium,Calm,Medium,True,True,False,Medium,High,1
2,108,Apartment,True,True,6-12,False,N/A,Intermediate,Medium,Medium,Medium,Filhote,10.0,High,Affectionate,High,True,False,True,Low,High,1
2,67,Apartment,True,True,6-12,False,N/A,Intermediate,Medium,Medium,Medium,Filhote,6.5,Medium,Calm,High,False,False,False,Medium,Medium,1
3,41,Apartment,False,False,N/A,False,N/A,Beginner,Medium,High,Medium,Filhote,3.8,Low,Affectionate,Medium,True,False,True,Low,Low,0
3,218,Apartment,False,False,N/A,False,N/A,Beginner,Medium,High,Medium,Filhote,10.1,Medium,Calm,High,True,True,False,Medium,Low,0
3,58,Apartment,False,False,N/A,False,N/A,Beginner,Medium,High,Medium,Filhote,8.2,Medium,Independent,High,True,True,False,Low,Low,0
3,40,Apartment,False,False,N/A,False,N/A,Beginner,Medium,High,Medium,Filhote,10.0,Low,Calm,High,True,False,False,Low,Medium,1
3,10,Apartment,False,False,N/A,False,N/A,Beginner,Medium,High,Medium,Filhote,2.0,High,Calm,High,True,True,True,Medium,Medium,1
4,248,Apartment,True,False,N/A,True,cat,Intermediate,Low,Low,Medium,Idoso,5.4,Low,Independent,Low,True,False,True,Low,High,1
4,221,Apartment,True,False,N/A,True,cat,Intermediate,Low,Low,Medium,Idoso,1.7,Low,Affectionate,High,False,False,True,Low,Medium,1
4,22,Apartment,True,False,N/A,True,cat,Intermediate,Low,Low,Medium,Idoso,9.6,High,Calm,Medium,True,False,True,Medium,High,0
4,101,Apartment,True,False,N/A,True,cat,Intermediate,Low,Low,Medium,Idoso,4.6,High,Playful,Medium,True,True,True,Low,Medium,1
4,56,Apartment,True,False,N/A,True,cat,Intermediate,Low,Low,Medium,Idoso,6.6,High,Affectionate,Low,True,True,False,Medium,Medium,0
5,17,House,True,False,N/A,False,N/A,Intermediate,High,High,Large,Filhote,2.5,Medium,Territorial,Medium,False,True,False,Medium,Medium,1
5,263,House,True,False,N/A,False,N/A,Intermediate,High,High,Large,Filhote,10.9,High,Territorial,Medium,True,False,False,Medium,Medium,1
5,31,House,True,False,N/A,False,N/A,Intermediate,High,High,Large,Filhote,13.7,Low,Territorial,High,False,True,True,Low,Medium,1
5,241,House,True,False,N/A,False,N/A,Intermediate,High,High,Large,Filhote,0.8,Medium,Independent,High,True,True,False,Low,Medium,1
5,61,House,True,False,N/A,False,N/A,Intermediate,High,High,Large,Filhote,0.9,Low,Calm,Low,True,True,True,Low,High,1
6,130,Apartment,False,False,N/A,True,cat,Beginner,High,High,Medium,Idoso,0.4,Low,Calm,High,True,False,False,Low,Low,0
6,23,Apartment,False,False,N/A,True,cat,Beginner,High,High,Medium,Idoso,2.9,High,Territorial,High,False,False,False,High,High,0
6,34,Apartment,False,False,N/A,True,cat,Beginner,High,High,Medium,Idoso,13.0,Low,Playful,Low,True,False,True,Low,High,1
6,155,Apartment,False,False,N/A,True,cat,Beginner,High,High,Medium,Idoso,11.9,High,Affectionate,Low,True,True,True,Medium,High,1
6,6,Apartment,False,False,N/A,True,cat,Beginner,High,High,Medium,Idoso,14.0,Medium,Calm,Low,True,True,False,Low,Medium,0
7,50,Apartment,True,False,N/A,False,N/A,Intermediate,Low,Low,Medium,Idoso,5.6,High,Independent,Medium,True,False,True,Low,High,1
7,64,Apartment,True,False,N/A,False,N/A,Intermediate,Low,Low,Medium,Idoso,10.9,Medium,Playful,Low,True,False,True,Medium,High,0
7,106,Apartment,True,False,N/A,False,N/A,Intermediate,Low,Low,Medium,Idoso,10.0,High,Independent,Medium,False,False,False,Medium,Medium,0
7,103,Apartment,True,False,N/A,False,N/A,Intermediate,Low,Low,Medium,Idoso,4.2,Low,Territorial,Low,False,True,False,Low,High,1
7,95,Apartment,True,False,N/A,False,N/A,Intermediate,Low,Low,Medium,Idoso,3.0,High,Playful,High,True,True,False,Medium,High,0
8,180,Apartment,False,False,N/A,False,N/A,Beginner,High,Low,Medium,Adulto,8.5,Low,Independent,High,True,True,False,Low,High,1
8,15,Apartment,False,False,N/A,False,N/A,Beginner,High,Low,Medium,Adulto,1.2,High,Territorial,Low,True,True,True,High,High,0
8,47,Apartment,False,False,N/A,False,N/A,Beginner,High,Low,Medium,Adulto,11.4,Medium,Calm,Medium,True,True,False,Medium,Medium,1
8,75,Apartment,False,False,N/A,False,N/A,Beginner,High,Low,Medium,Adulto,11.9,Low,Territorial,Low,True,True,True,Medium,High,1
8,143,Apartment,False,False,N/A,False,N/A,Beginner,High,Low,Medium,Adulto,0.4,Medium,Affectionate,Medium,True,False,False,Low,Medium,1
9,297,House,True,True,0-5,False,N/A,Beginner,Low,Low,Small,Idoso,13.3,High,Playful,High,True,True,False,High,High,0
9,179,House,True,True,0-5,False,N/A,Beginner,Low,Low,Small,Idoso,8.4,Low,Independent,High,True,True,True,Low,Medium,1
9,181,House,True,True,0-5,False,N/A,Beginner,Low,Low,Small,Idoso,13.5,Medium,Independent,Medium,True,False,False,Medium,High,0
9,83,House,True,True,0-5,False,N/A,Beginner,Low,Low,Small,Idoso,10.6,High,Independent,Medium,False,True,False,Medium,High,0
9,257,House,True,True,0-5,False,N/A,Beginner,Low,Low,Small,Idoso,9.6,Low,Territorial,Low,False,True,True,Low,Low,0
10,124,House,False,False,N/A,True,dog,Experienced,Medium,Low,Small,Idoso,13.2,Low,Affectionate,Low,True,True,True,Medium,Medium,1
10,259,House,False,False,N/A,True,dog,Experienced,Medium,Low,Small,Idoso,5.5,Low,Territorial,Medium,True,True,True,Low,Medium,1
10,292,House,False,False,N/A,True,dog,Experienced,Medium,Low,Small,Idoso,3.8,High,Territorial,Medium,True,False,True,Low,Low,0
10,35,House,False,False,N/A,True,dog,Experienced,Medium,Low,Small,Idoso,9.4,High,Affectionate,Medium,True,False,False,Medium,High,0
10,51,House,False,False,N/A,True,dog,Experienced,Medium,Low,Small,Idoso,6.9,High,Independent,Low,False,True,True,High,Medium,0
11,297,House,True,False,N/A,False,N/A,Experienced,Low,Low,Large,Adulto,13.3,High,Playful,High,True,True,False,High,High,0
11,8,House,True,False,N/A,False,N/A,Experienced,Low,Low,Large,Adulto,10.7,Medium,Affectionate,Low,True,True,False,Medium,Low,0
11,271,House,True,False,N/A,False,N/A,Experienced,Low,Low,Large,Adulto,4.0,Medium,Playful,Low,True,True,True,Medium,Low,0
11,112,House,True,False,N/A,False,N/A,Experienced,Low,Low,Large,Adulto,6.8,High,Independent,High,True,False,False,Medium,Low,0
11,99,House,True,False,N/A,False,N/A,Experienced,Low,Low,Large,Adulto,2.6,High,Territorial,High,False,True,False,High,High,0
12,145,Apartment,True,False,N/A,False,N/A,Beginner,Low,High,Medium,Filhote,13.0,Low,Territorial,Low,True,True,True,Low,Medium,0
12,88,Apartment,True,False,N/A,False,N/A,Beginner,Low,High,Medium,Filhote,7.5,Low,Affectionate,Medium,True,True,True,Low,High,1
12,276,Apartment,True,False,N/A,False,N/A,Beginner,Low,High,Medium,Filhote,0.6,High,Independent,Low,True,True,True,Low,High,1
12,3,Apartment,True,False,N/A,False,N/A,Beginner,Low,High,Medium,Filhote,7.9,Low,Calm,Low,False,False,False,Low,Medium,1
12,51,Apartment,True,False,N/A,False,N/A,Beginner,Low,High,Medium,Filhote,6.9,High,Independent,Low,False,True,True,High,Medium,0
13,110,House,True,True,0-5,True,dog,Beginner,Medium,Low,Small,Idoso,13.4,Medium,Independent,High,True,False,False,Medium,High,0
13,259,House,True,True,0-5,True,dog,Beginner,Medium,Low,Small,Idoso,5.5,Low,Territorial,Medium,True,True,True,Low,Medium,1
13,244,House,True,True,0-5,True,dog,Beginner,Medium,Low,Small,Idoso,12.9,Medium,Independent,Low,True,False,True,Medium,High,0
13,188,House,True,True,0-5,True,dog,Beginner,Medium,Low,Small,Idoso,11.1,Low,Calm,High,True,True,False,Medium,Low,1
13,95,House,True,True,0-5,True,dog,Beginner,Medium,Low,Small,Idoso,3.0,High,Playful,High,True,True,False,Medium,High,1
14,226,Apartment,False,True,13-17,False,N/A,Experienced,Medium,Low,Small,Adulto,4.3,Low,Playful,High,True,True,True,Low,Medium,1
14,55,Apartment,False,True,13-17,False,N/A,Experienced,Medium,Low,Small,Adulto,2.3,High,Independent,High,True,False,False,High,High,0
14,93,Apartment,False,True,13-17,False,N/A,Experienced,Medium,Low,Small,Adulto,13.4,High,Playful,Low,True,False,True,Low,Medium,1
14,182,Apartment,False,True,13-17,False,N/A,Experienced,Medium,Low,Small,Adulto,5.5,Low,Calm,High,False,True,False,Low,High,1
14,195,Apartment,False,True,13-17,False,N/A,Experienced,Medium,Low,Small,Adulto,2.7,Low,Calm,Medium,True,True,True,Low,High,1
15,218,Apartment,False,True,13-17,False,N/A,Beginner,Medium,Medium,Small,Filhote,10.1,Medium,Calm,High,True,True,False,Medium,Low,1
15,110,Apartment,False,True,13-17,False,N/A,Beginner,Medium,Medium,Small,Filhote,13.4,Medium,Independent,High,True,False,False,Medium,High,1
15,264,Apartment,False,True,13-17,False,N/A,Beginner,Medium,Medium,Small,Filhote,3.4,Medium,Territorial,High,True,False,False,Medium,Low,0
15,117,Apartment,False,True,13-17,False,N/A,Beginner,Medium,Medium,Small,Filhote,6.0,High,Playful,High,False,False,True,Medium,Low,0
15,209,Apartment,False,True,13-17,False,N/A,Beginner,Medium,Medium,Small,Filhote,6.0,High,Calm,Low,True,False,False,Low,Low,0
16,58,House,False,False,N/A,True,dog,Experienced,Low,Low,Large,Idoso,8.2,Medium,Independent,High,True,True,False,Low,Low,1
16,161,House,False,False,N/A,True,dog,Experienced,Low,Low,Large,Idoso,4.3,Medium,Affectionate,Low,True,False,True,Medium,Medium,0
16,64,House,False,False,N/A,True,dog,Experienced,Low,Low,Large,Idoso,10.9,Medium,Playful,Low,True,False,True,Medium,High,0
16,239,House,False,False,N/A,True,dog,Experienced,Low,Low,Large,Idoso,3.4,Medium,Affectionate,High,True,True,True,Medium,Low,0
16,57,House,False,False,N/A,True,dog,Experienced,Low,Low,Large,Idoso,7.1,High,Playful,High,True,True,False,High,High,0
17,267,Apartment,False,False,N/A,False,N/A,Experienced,High,High,Medium,Adulto,7.8,High,Territorial,Medium,True,False,True,Medium,Medium,1
17,70,Apartment,False,False,N/A,False,N/A,Experienced,High,High,Medium,Adulto,11.4,High,Calm,Low,True,False,False,Low,Low,1
17,254,Apartment,False,False,N/A,False,N/A,Experienced,High,High,Medium,Adulto,11.3,Medium,Affectionate,High,True,True,True,Low,Medium,1
17,185,Apartment,False,False,N/A,False,N/A,Experienced,High,High,Medium,Adulto,1.3,Medium,Independent,Medium,False,True,True,Medium,Low,0
17,148,Apartment,False,False,N/A,False,N/A,Experienced,High,High,Medium,Adulto,5.4,Low,Territorial,Low,True,True,True,Low,Low,0
18,286,House,False,False,N/A,True,cat,Experienced,High,High,Medium,Adulto,1.4,Low,Affectionate,Medium,False,True,False,Medium,High,0
18,21,House,False,False,N/A,True,cat,Experienced,High,High,Medium,Adulto,5.5,Low,Playful,Medium,True,False,False,Low,Low,0
18,43,House,False,False,N/A,True,cat,Experienced,High,High,Medium,Adulto,2.7,Low,Affectionate,Medium,False,True,True,Low,Low,1
18,168,House,False,False,N/A,True,cat,Experienced,High,High,Medium,Adulto,2.8,Low,Calm,Medium,False,False,True,Low,Medium,1
18,253,House,False,False,N/A,True,cat,Experienced,High,High,Medium,Adulto,1.2,High,Independent,Medium,True,False,True,High,High,1
19,60,Apartment,False,False,N/A,False,N/A,Beginner,Low,Low,Small,Adulto,8.3,Medium,Affectionate,Low,True,False,True,Medium,High,0
19,198,Apartment,False,False,N/A,False,N/A,Beginner,Low,Low,Small,Adulto,6.6,Medium,Territorial,High,True,True,True,Medium,High,0
19,146,Apartment,False,False,N/A,False,N/A,Beginner,Low,Low,Small,Adulto,6.2,High,Independent,High,False,True,True,High,Medium,0
19,234,Apartment,False,False,N/A,False,N/A,Beginner,Low,Low,Small,Adulto,0.4,Low,Independent,Low,False,False,True,Low,Low,0
19,160,Apartment,False,False,N/A,False,N/A,Beginner,Low,Low,Small,Adulto,4.6,Medium,Calm,Low,True,False,False,Medium,Medium,0
20,228,Apartment,False,False,N/A,True,cat,Intermediate,Low,Medium,Medium,Idoso,3.3,Low,Independent,Medium,True,False,True,Medium,High,0
20,116,Apartment,False,False,N/A,True,cat,Intermediate,Low,Medium,Medium,Idoso,1.9,High,Territorial,High,False,False,False,High,Medium,0
20,284,Apartment,False,False,N/A,True,cat,Intermediate,Low,Medium,Medium,Idoso,4.4,Low,Calm,High,False,False,True,Low,Low,0
20,209,Apartment,False,False,N/A,True,cat,Intermediate,Low,Medium,Medium,Idoso,6.0,High,Calm,Low,True,False,False,Low,Low,0
20,149,Apartment,False,False,N/A,True,cat,Intermediate,Low,Medium,Medium,Idoso,4.6,Low,Calm,Medium,True,False,False,Low,Medium,0
21,220,Apartment,False,False,N/A,True,cat,Beginner,Medium,Medium,Large,Idoso,9.3,Medium,Calm,High,False,True,True,Medium,High,1
21,97,Apartment,False,False,N/A,True,cat,Beginner,Medium,Medium,Large,Idoso,7.5,Medium,Independent,High,True,True,True,Medium,Low,0
21,36,Apartment,False,False,N/A,True,cat,Beginner,Medium,Medium,Large,Idoso,11.6,Medium,Playful,Low,True,True,False,Medium,Medium,1
21,244,Apartment,False,False,N/A,True,cat,Beginner,Medium,Medium,Large,Idoso,12.9,Medium,Independent,Low,True,False,True,Medium,High,1
21,189,Apartment,False,False,N/A,True,cat,Beginner,Medium,Medium,Large,Idoso,9.4,High,Territorial,Low,True,False,False,High,Low,0
22,92,House,True,True,13-17,True,dog,Beginner,Low,Medium,Medium,Idoso,2.6,High,Calm,High,False,True,False,Medium,High,0
22,7,House,True,True,13-17,True,dog,Beginner,Low,Medium,Medium,Idoso,1.9,High,Calm,Medium,True,True,False,High,Low,0
22,252,House,True,True,13-17,True,dog,Beginner,Low,Medium,Medium,Idoso,11.0,Low,Calm,Medium,True,True,True,Low,High,1
22,54,House,True,True,13-17,True,dog,Beginner,Low,Medium,Medium,Idoso,12.7,Low,Independent,Medium,True,True,True,Medium,Medium,0
22,203,House,True,True,13-17,True,dog,Beginner,Low,Medium,Medium,Idoso,7.6,Medium,Playful,Low,True,False,False,Medium,Low,0
23,225,Apartment,False,False,N/A,False,N/A,Intermediate,Low,High,Medium,Idoso,6.0,Medium,Calm,High,True,False,False,Medium,High,0
23,268,Apartment,False,False,N/A,False,N/A,Intermediate,Low,High,Medium,Idoso,0.4,Low,Independent,Medium,True,False,True,Medium,High,0
23,44,Apartment,False,False,N/A,False,N/A,Intermediate,Low,High,Medium,Idoso,7.8,Low,Playful,Low,True,False,False,Low,Medium,1
23,62,Apartment,False,False,N/A,False,N/A,Intermediate,Low,High,Medium,Idoso,11.7,High,Calm,High,True,True,False,Low,High,1
23,74,Apartment,False,False,N/A,False,N/A,Intermediate,Low,High,Medium,Idoso,0.9,High,Independent,High,True,True,False,High,High,1
24,203,House,False,False,N/A,False,N/A,Beginner,High,Medium,Large,Idoso,7.6,Medium,Playful,Low,True,False,False,Medium,Low,1
24,206,House,False,False,N/A,False,N/A,Beginner,High,Medium,Large,Idoso,8.4,High,Independent,Medium,True,True,True,High,Medium,0
24,53,House,False,False,N/A,False,N/A,Beginner,High,Medium,Large,Idoso,12.0,High,Affectionate,High,True,True,False,Low,Low,1
24,87,House,False,False,N/A,False,N/A,Beginner,High,Medium,Large,Idoso,1.0,Low,Calm,Medium,True,True,True,Low,Low,1
24,34,House,False,False,N/A,False,N/A,Beginner,High,Medium,Large,Idoso,13.0,Low,Playful,Low,True,False,True,Low,High,1
25,187,Apartment,True,False,N/A,False,N/A,Experienced,Medium,Medium,Small,Filhote,8.1,Medium,Independent,Low,True,True,False,Medium,Medium,1
25,102,Apartment,True,False,N/A,False,N/A,Experienced,Medium,Medium,Small,Filhote,11.4,Low,Playful,Medium,False,True,False,Low,Low,0
25,174,Apartment,True,False,N/A,False,N/A,Experienced,Medium,Medium,Small,Filhote,1.6,High,Calm,Low,False,False,True,Low,High,1
25,103,Apartment,True,False,N/A,False,N/A,Experienced,Medium,Medium,Small,Filhote,4.2,Low,Territorial,Low,False,True,False,Low,High,1
25,207,Apartment,True,False,N/A,False,N/A,Experienced,Medium,Medium,Small,Filhote,0.6,Medium,Calm,High,True,True,False,Medium,High,1
26,63,House,False,True,0-5,True,cat,Beginner,High,Low,Medium,Idoso,2.9,Medium,Playful,High,True,False,True,Medium,High,1
26,120,House,False,True,0-5,True,cat,Beginner,High,Low,Medium,Idoso,10.8,Medium,Affectionate,Medium,True,False,False,Low,High,0
26,218,House,False,True,0-5,True,cat,Beginner,High,Low,Medium,Idoso,10.1,Medium,Calm,High,True,True,False,Medium,Low,0
26,256,House,False,True,0-5,True,cat,Beginner,High,Low,Medium,Idoso,5.1,Medium,Playful,Medium,False,True,True,Medium,Medium,0
26,143,House,False,True,0-5,True,cat,Beginner,High,Low,Medium,Idoso,0.4,Medium,Affectionate,Medium,True,False,False,Low,Medium,0
27,298,House,False,False,N/A,False,N/A,Intermediate,Low,Medium,Medium,Adulto,2.1,Low,Territorial,Low,True,True,True,Low,High,1
27,140,House,False,False,N/A,False,N/A,Intermediate,Low,Medium,Medium,Adulto,2.7,Medium,Affectionate,High,False,True,True,Medium,High,1
27,205,House,False,False,N/A,False,N/A,Intermediate,Low,Medium,Medium,Adulto,5.6,Medium,Calm,Medium,False,True,True,Medium,Medium,1
27,183,House,False,False,N/A,False,N/A,Intermediate,Low,Medium,Medium,Adulto,4.8,Low,Independent,Low,True,False,False,Low,Low,1
27,244,House,False,False,N/A,False,N/A,Intermediate,Low,Medium,Medium,Adulto,12.9,Medium,Independent,Low,True,False,True,Medium,High,1
28,208,Apartment,True,True,0-5,True,dog,Beginner,Medium,High,Small,Adulto,9.3,Low,Affectionate,Medium,True,True,True,Low,High,1
28,249,Apartment,True,True,0-5,True,dog,Beginner,Medium,High,Small,Adulto,11.0,High,Territorial,High,True,False,False,High,Low,0
28,262,Apartment,True,True,0-5,True,dog,Beginner,Medium,High,Small,Adulto,3.9,High,Calm,Medium,True,False,False,Medium,Medium,1
28,143,Apartment,True,True,0-5,True,dog,Beginner,Medium,High,Small,Adulto,0.4,Medium,Affectionate,Medium,True,False,False,Low,Medium,0
28,76,Apartment,True,True,0-5,True,dog,Beginner,Medium,High,Small,Adulto,3.5,Medium,Playful,High,True,False,True,Low,High,0
29,233,House,False,False,N/A,True,cat,Intermediate,Low,Low,Large,Idoso,6.8,High,Affectionate,High,True,False,True,Low,Low,1
29,56,House,False,False,N/A,True,cat,Intermediate,Low,Low,Large,Idoso,6.6,High,Affectionate,Low,True,True,False,Medium,Medium,0
29,63,House,False,False,N/A,True,cat,Intermediate,Low,Low,Large,Idoso,2.9,Medium,Playful,High,True,False,True,Medium,High,0
29,129,House,False,False,N/A,True,cat,Intermediate,Low,Low,Large,Idoso,2.6,Low,Territorial,High,False,True,False,Medium,Low,0
29,251,House,False,False,N/A,True,cat,Intermediate,Low,Low,Large,Idoso,3.3,Medium,Affectionate,High,False,True,False,Medium,Low,0
30,255,Apartment,False,False,N/A,True,dog,Beginner,Medium,Low,Large,Idoso,9.0,Low,Affectionate,Medium,True,True,False,Medium,Low,1
30,119,Apartment,False,False,N/A,True,dog,Beginner,Medium,Low,Large,Idoso,10.2,High,Playful,High,True,True,False,Medium,Medium,1
30,69,Apartment,False,False,N/A,True,dog,Beginner,Medium,Low,Large,Idoso,5.9,High,Territorial,Medium,True,True,True,Low,Medium,0
30,16,Apartment,False,False,N/A,True,dog,Beginner,Medium,Low,Large,Idoso,2.1,Medium,Independent,Low,True,False,False,Medium,Medium,0
30,51,Apartment,False,False,N/A,True,dog,Beginner,Medium,Low,Large,Idoso,6.9,High,Independent,Low,False,True,True,High,Medium,0
31,28,Apartment,True,False,N/A,True,cat,Beginner,High,Medium,Large,Filhote,11.7,Medium,Affectionate,Medium,True,True,False,Medium,Low,0
31,35,Apartment,True,False,N/A,True,cat,Beginner,High,Medium,Large,Filhote,9.4,High,Affectionate,Medium,True,False,False,Medium,High,0
31,256,Apartment,True,False,N/A,True,cat,Beginner,High,Medium,Large,Filhote,5.1,Medium,Playful,Medium,False,True,True,Medium,Medium,1
31,14,Apartment,True,False,N/A,True,cat,Beginner,High,Medium,Large,Filhote,2.4,High,Territorial,High,True,False,True,Medium,High,0
31,92,Apartment,True,False,N/A,True,cat,Beginner,High,Medium,Large,Filhote,2.6,High,Calm,High,False,True,False,Medium,High,0
32,196,House,False,True,6-12,True,dog,Intermediate,Low,Low,Medium,Filhote,8.4,Medium,Independent,Low,False,True,False,Medium,Low,0
32,168,House,False,True,6-12,True,dog,Intermediate,Low,Low,Medium,Filhote,2.8,Low,Calm,Medium,False,False,True,Low,Medium,0
32,79,House,False,True,6-12,True,dog,Intermediate,Low,Low,Medium,Filhote,6.3,High,Independent,Medium,True,False,False,High,High,0
32,156,House,False,True,6-12,True,dog,Intermediate,Low,Low,Medium,Filhote,11.0,High,Playful,Medium,True,False,True,High,Medium,0
32,50,House,False,True,6-12,True,dog,Intermediate,Low,Low,Medium,Filhote,5.6,High,Independent,Medium,True,False,True,Low,High,0
33,40,Apartment,True,True,6-12,False,N/A,Experienced,Medium,Medium,Small,Idoso,10.0,Low,Calm,High,True,False,False,Low,Medium,1
33,267,Apartment,True,True,6-12,False,N/A,Experienced,Medium,Medium,Small,Idoso,7.8,High,Territorial,Medium,True,False,True,Medium,Medium,1
33,253,Apartment,True,True,6-12,False,N/A,Experienced,Medium,Medium,Small,Idoso,1.2,High,Independent,Medium,True,False,True,High,High,0
33,239,Apartment,True,True,6-12,False,N/A,Experienced,Medium,Medium,Small,Idoso,3.4,Medium,Affectionate,High,True,True,True,Medium,Low,1
33,104,Apartment,True,True,6-12,False,N/A,Experienced,Medium,Medium,Small,Idoso,4.3,High,Territorial,High,True,True,True,High,Low,0
34,151,Apartment,True,False,N/A,False,N/A,Experienced,Medium,High,Medium,Filhote,10.7,High,Calm,High,False,False,True,Low,Medium,1
34,255,Apartment,True,False,N/A,False,N/A,Experienced,Medium,High,Medium,Filhote,9.0,Low,Affectionate,Medium,True,True,False,Medium,Low,0
34,252,Apartment,True,False,N/A,False,N/A,Experienced,Medium,High,Medium,Filhote,11.0,Low,Calm,Medium,True,True,True,Low,High,1
34,259,Apartment,True,False,N/A,False,N/A,Experienced,Medium,High,Medium,Filhote,5.5,Low,Territorial,Medium,True,True,True,Low,Medium,1
34,134,Apartment,True,False,N/A,False,N/A,Experienced,Medium,High,Medium,Filhote,13.0,Medium,Territorial,Medium,False,True,True,Medium,High,1
35,278,Apartment,True,True,0-5,False,N/A,Beginner,Medium,Medium,Small,Idoso,9.3,High,Territorial,High,True,True,False,Low,Low,0
35,176,Apartment,True,True,0-5,False,N/A,Beginner,Medium,Medium,Small,Idoso,12.7,Low,Playful,Low,True,False,False,Low,Medium,1
35,277,Apartment,True,True,0-5,False,N/A,Beginner,Medium,Medium,Small,Idoso,1.2,High,Independent,High,True,True,False,Low,High,0
35,280,Apartment,True,True,0-5,False,N/A,Beginner,Medium,Medium,Small,Idoso,7.0,High,Independent,High,False,False,False,High,High,0
35,10,Apartment,True,True,0-5,False,N/A,Beginner,Medium,Medium,Small,Idoso,2.0,High,Calm,High,True,True,True,Medium,Medium,1
36,17,House,False,False,N/A,False,N/A,Intermediate,Medium,Low,Large,Idoso,2.5,Medium,Territorial,Medium,False,True,False,Medium,Medium,1
36,221,House,False,False,N/A,False,N/A,Intermediate,Medium,Low,Large,Idoso,1.7,Low,Affectionate,High,False,False,True,Low,Medium,1
36,61,House,False,False,N/A,False,N/A,Intermediate,Medium,Low,Large,Idoso,0.9,Low,Calm,Low,True,True,True,Low,High,1
36,197,House,False,False,N/A,False,N/A,Intermediate,Medium,Low,Large,Idoso,4.0,Low,Affectionate,Low,True,False,True,Low,High,1
36,231,House,False,False,N/A,False,N/A,Intermediate,Medium,Low,Large,Idoso,2.4,High,Calm,Low,True,False,False,High,High,0
37,162,House,False,False,N/A,True,dog,Experienced,Medium,Low,Medium,Adulto,10.7,Medium,Calm,Medium,True,False,False,Low,Medium,0
37,193,House,False,False,N/A,True,dog,Experienced,Medium,Low,Medium,Adulto,1.0,Medium,Calm,Medium,False,True,True,Low,Low,1
37,227,House,False,False,N/A,True,dog,Experienced,Medium,Low,Medium,Adulto,13.0,Low,Affectionate,High,True,True,False,Low,Low,1
37,236,House,False,False,N/A,True,dog,Experienced,Medium,Low,Medium,Adulto,1.3,High,Affectionate,Medium,True,True,False,High,Low,0
37,19,House,False,False,N/A,True,dog,Experienced,Medium,Low,Medium,Adulto,1.8,High,Territorial,High,True,True,True,Low,Low,1
38,17,House,False,False,N/A,False,N/A,Beginner,Low,High,Medium,Adulto,2.5,Medium,Territorial,Medium,False,True,False,Medium,Medium,0
38,91,House,False,False,N/A,False,N/A,Beginner,Low,High,Medium,Adulto,7.1,Medium,Calm,High,True,True,False,Low,Medium,1
38,286,House,False,False,N/A,False,N/A,Beginner,Low,High,Medium,Adulto,1.4,Low,Affectionate,Medium,False,True,False,Medium,High,0
38,156,House,False,False,N/A,False,N/A,Beginner,Low,High,Medium,Adulto,11.0,High,Playful,Medium,True,False,True,High,Medium,1
38,85,House,False,False,N/A,False,N/A,Beginner,Low,High,Medium,Adulto,11.5,Low,Calm,Medium,True,True,False,Low,High,1
39,252,House,False,True,6-12,False,N/A,Intermediate,Medium,Low,Small,Adulto,11.0,Low,Calm,Medium,True,True,True,Low,High,1
39,221,House,False,True,6-12,False,N/A,Intermediate,Medium,Low,Small,Adulto,1.7,Low,Affectionate,High,False,False,True,Low,Medium,1
39,69,House,False,True,6-12,False,N/A,Intermediate,Medium,Low,Small,Adulto,5.9,High,Territorial,Medium,True,True,True,Low,Medium,1
39,160,House,False,True,6-12,False,N/A,Intermediate,Medium,Low,Small,Adulto,4.6,Medium,Calm,Low,True,False,False,Medium,Medium,1
39,200,House,False,True,6-12,False,N/A,Intermediate,Medium,Low,Small,Adulto,10.2,High,Affectionate,Medium,True,True,False,Low,High,1
40,250,Apartment,True,True,6-12,False,N/A,Experienced,High,Low,Large,Filhote,1.7,High,Territorial,High,False,False,True,Low,High,0
40,57,Apartment,True,True,6-12,False,N/A,Experienced,High,Low,Large,Filhote,7.1,High,Playful,High,True,True,False,High,High,1
40,292,Apartment,True,True,6-12,False,N/A,Experienced,High,Low,Large,Filhote,3.8,High,Territorial,Medium,True,False,True,Low,Low,0
40,252,Apartment,True,True,6-12,False,N/A,Experienced,High,Low,Large,Filhote,11.0,Low,Calm,Medium,True,True,True,Low,High,1
40,284,Apartment,True,True,6-12,False,N/A,Experienced,High,Low,Large,Filhote,4.4,Low,Calm,High,False,False,True,Low,Low,0
41,277,Apartment,True,False,N/A,False,N/A,Experienced,Low,Medium,Large,Adulto,1.2,High,Independent,High,True,True,False,Low,High,1
41,293,Apartment,True,False,N/A,False,N/A,Experienced,Low,Medium,Large,Adulto,3.5,High,Affectionate,High,True,True,True,Medium,High,0
41,241,Apartment,True,False,N/A,False,N/A,Experienced,Low,Medium,Large,Adulto,0.8,Medium,Independent,High,True,True,False,Low,Medium,1
41,244,Apartment,True,False,N/A,False,N/A,Experienced,Low,Medium,Large,Adulto,12.9,Medium,Independent,Low,True,False,True,Medium,High,1
41,288,Apartment,True,False,N/A,False,N/A,Experienced,Low,Medium,Large,Adulto,2.1,Medium,Territorial,Medium,True,True,True,Low,Medium,1
42,81,Apartment,False,False,N/A,False,N/A,Intermediate,Medium,Low,Medium,Filhote,6.1,High,Independent,Low,False,True,False,High,Low,0
42,260,Apartment,False,False,N/A,False,N/A,Intermediate,Medium,Low,Medium,Filhote,6.5,Medium,Calm,High,True,True,True,Medium,Low,0
42,29,Apartment,False,False,N/A,False,N/A,Intermediate,Medium,Low,Medium,Filhote,4.7,Medium,Playful,Low,True,True,True,Medium,Medium,1
42,201,Apartment,False,False,N/A,False,N/A,Intermediate,Medium,Low,Medium,Filhote,11.9,High,Calm,Medium,True,True,False,Medium,Low,0
42,135,Apartment,False,False,N/A,False,N/A,Intermediate,Medium,Low,Medium,Filhote,3.5,Medium,Independent,Low,True,False,True,Medium,High,1
43,254,House,False,False,N/A,False,N/A,Intermediate,High,High,Small,Filhote,11.3,Medium,Affectionate,High,True,True,True,Low,Medium,1
43,194,House,False,False,N/A,False,N/A,Intermediate,High,High,Small,Filhote,10.3,Medium,Affectionate,Low,False,True,True,Medium,Low,1
43,181,House,False,False,N/A,False,N/A,Intermediate,High,High,Small,Filhote,13.5,Medium,Independent,Medium,True,False,False,Medium,High,1
43,146,House,False,False,N/A,False,N/A,Intermediate,High,High,Small,Filhote,6.2,High,Independent,High,False,True,True,High,Medium,1
43,165,House,False,False,N/A,False,N/A,Intermediate,High,High,Small,Filhote,7.5,Medium,Independent,Low,False,False,False,Medium,High,1
44,32,House,True,False,N/A,True,cat,Intermediate,High,Low,Medium,Filhote,10.6,Medium,Affectionate,Low,False,True,False,Medium,Low,0
44,15,House,True,False,N/A,True,cat,Intermediate,High,Low,Medium,Filhote,1.2,High,Territorial,Low,True,True,True,High,High,1
44,24,House,True,False,N/A,True,cat,Intermediate,High,Low,Medium,Filhote,7.2,Medium,Affectionate,High,True,True,True,Medium,Medium,1
44,66,House,True,False,N/A,True,cat,Intermediate,High,Low,Medium,Filhote,1.1,Medium,Calm,Medium,False,True,False,Low,High,0
44,188,House,True,False,N/A,True,cat,Intermediate,High,Low,Medium,Filhote,11.1,Low,Calm,High,True,True,False,Medium,Low,1
45,179,Apartment,False,True,13-17,False,N/A,Intermediate,Medium,Medium,Large,Idoso,8.4,Low,Independent,High,True,True,True,Low,Medium,1
45,299,Apartment,False,True,13-17,False,N/A,Intermediate,Medium,Medium,Large,Idoso,6.8,Medium,Calm,Medium,False,True,True,Medium,Low,0
45,14,Apartment,False,True,13-17,False,N/A,Intermediate,Medium,Medium,Large,Idoso,2.4,High,Territorial,High,True,False,True,Medium,High,1
45,175,Apartment,False,True,13-17,False,N/A,Intermediate,Medium,Medium,Large,Idoso,14.0,Low,Calm,Medium,True,False,True,Low,Medium,1
45,195,Apartment,False,True,13-17,False,N/A,Intermediate,Medium,Medium,Large,Idoso,2.7,Low,Calm,Medium,True,True,True,Low,High,1
46,50,Apartment,False,True,13-17,True,dog,Beginner,High,Low,Medium,Idoso,5.6,High,Independent,Medium,True,False,True,Low,High,0
46,220,Apartment,False,True,13-17,True,dog,Beginner,High,Low,Medium,Idoso,9.3,Medium,Calm,High,False,True,True,Medium,High,0
46,177,Apartment,False,True,13-17,True,dog,Beginner,High,Low,Medium,Idoso,8.9,Low,Independent,Medium,True,True,False,Low,Low,0
46,183,Apartment,False,True,13-17,True,dog,Beginner,High,Low,Medium,Idoso,4.8,Low,Independent,Low,True,False,False,Low,Low,0
46,211,Apartment,False,True,13-17,True,dog,Beginner,High,Low,Medium,Idoso,1.0,Medium,Independent,High,True,False,True,Medium,Low,0
47,180,House,True,True,13-17,False,N/A,Intermediate,Medium,High,Large,Adulto,8.5,Low,Independent,High,True,True,False,Low,High,1
47,29,House,True,True,13-17,False,N/A,Intermediate,Medium,High,Large,Adulto,4.7,Medium,Playful,Low,True,True,True,Medium,Medium,1
47,126,House,True,True,13-17,False,N/A,Intermediate,Medium,High,Large,Adulto,12.2,Low,Playful,Low,False,True,False,Low,Low,0
47,127,House,True,True,13-17,False,N/A,Intermediate,Medium,High,Large,Adulto,6.7,Medium,Independent,High,False,True,False,Medium,Medium,0
47,121,House,True,True,13-17,False,N/A,Intermediate,Medium,High,Large,Adulto,11.7,Low,Territorial,Medium,True,False,True,Low,Low,1
48,160,House,False,False,N/A,False,N/A,Experienced,Low,High,Large,Adulto,4.6,Medium,Calm,Low,True,False,False,Medium,Medium,0
48,44,House,False,False,N/A,False,N/A,Experienced,Low,High,Large,Adulto,7.8,Low,Playful,Low,True,False,False,Low,Medium,1
48,34,House,False,False,N/A,False,N/A,Experienced,Low,High,Large,Adulto,13.0,Low,Playful,Low,True,False,True,Low,High,1
48,157,House,False,False,N/A,False,N/A,Experienced,Low,High,Large,Adulto,5.4,Medium,Independent,High,False,True,False,Low,Low,1
48,59,House,False,False,N/A,False,N/A,Experienced,Low,High,Large,Adulto,11.3,Medium,Playful,High,False,False,False,Medium,High,0
49,173,Apartment,True,False,N/A,False,N/A,Experienced,Low,Low,Large,Idoso,11.6,Medium,Independent,Low,True,True,True,Medium,Low,0
49,87,Apartment,True,False,N/A,False,N/A,Experienced,Low,Low,Large,Idoso,1.0,Low,Calm,Medium,True,True,True,Low,Low,1
49,11,Apartment,True,False,N/A,False,N/A,Experienced,Low,Low,Large,Idoso,7.0,High,Playful,Medium,False,True,True,High,High,0
49,276,Apartment,True,False,N/A,False,N/A,Experienced,Low,Low,Large,Idoso,0.6,High,Independent,Low,True,True,True,Low,High,1
49,167,Apartment,True,False,N/A,False,N/A,Experienced,Low,Low,Large,Idoso,6.8,Low,Calm,High,False,False,False,Low,Low,1
50,20,House,False,False,N/A,False,N/A,Beginner,Medium,High,Large,Adulto,12.4,High,Playful,Low,False,True,False,High,Low,1
50,236,House,False,False,N/A,False,N/A,Beginner,Medium,High,Large,Adulto,1.3,High,Affectionate,Medium,True,True,False,High,Low,1
50,217,House,False,False,N/A,False,N/A,Beginner,Medium,High,Large,Adulto,1.7,High,Calm,High,False,False,False,Low,Low,1
50,291,House,False,False,N/A,False,N/A,Beginner,Medium,High,Large,Adulto,5.0,Low,Affectionate,Low,True,False,True,Low,Low,1
50,264,House,False,False,N/A,False,N/A,Beginner,Medium,High,Large,Adulto,3.4,Medium,Territorial,High,True,False,False,Medium,Low,0
51,216,House,True,False,N/A,False,N/A,Experienced,Low,High,Small,Adulto,4.8,Medium,Territorial,High,True,False,True,Low,Medium,1
51,137,House,True,False,N/A,False,N/A,Experienced,Low,High,Small,Adulto,1.5,Low,Calm,Low,True,True,False,Low,Low,1
51,11,House,True,False,N/A,False,N/A,Experienced,Low,High,Small,Adulto,7.0,High,Playful,Medium,False,True,True,High,High,1
51,241,House,True,False,N/A,False,N/A,Experienced,Low,High,Small,Adulto,0.8,Medium,Independent,High,True,True,False,Low,Medium,1
51,12,House,True,False,N/A,False,N/A,Experienced,Low,High,Small,Adulto,4.9,High,Playful,High,True,True,True,High,High,1
52,163,House,False,True,0-5,False,N/A,Intermediate,High,Low,Small,Filhote,7.7,High,Independent,Low,True,True,False,High,High,1
52,194,House,False,True,0-5,False,N/A,Intermediate,High,Low,Small,Filhote,10.3,Medium,Affectionate,Low,False,True,True,Medium,Low,0
52,293,House,False,True,0-5,False,N/A,Intermediate,High,Low,Small,Filhote,3.5,High,Affectionate,High,True,True,True,Medium,High,1
52,200,House,False,True,0-5,False,N/A,Intermediate,High,Low,Small,Filhote,10.2,High,Affectionate,Medium,True,True,False,Low,High,1
52,166,House,False,True,0-5,False,N/A,Intermediate,High,Low,Small,Filhote,7.1,High,Affectionate,High,True,True,False,Low,Low,1
53,294,House,False,True,0-5,True,dog,Beginner,High,Medium,Medium,Idoso,10.5,Medium,Independent,High,True,False,False,Medium,Low,0
53,51,House,False,True,0-5,True,dog,Beginner,High,Medium,Medium,Idoso,6.9,High,Independent,Low,False,True,True,High,Medium,0
53,251,House,False,True,0-5,True,dog,Beginner,High,Medium,Medium,Idoso,3.3,Medium,Affectionate,High,False,True,False,Medium,Low,1
53,52,House,False,True,0-5,True,dog,Beginner,High,Medium,Medium,Idoso,2.0,Low,Affectionate,Low,True,True,False,Low,Medium,1
53,106,House,False,True,0-5,True,dog,Beginner,High,Medium,Medium,Idoso,10.0,High,Independent,Medium,False,False,False,Medium,Medium,0
54,173,Apartment,False,False,N/A,False,N/A,Intermediate,High,Medium,Medium,Adulto,11.6,Medium,Independent,Low,True,True,True,Medium,Low,1
54,255,Apartment,False,False,N/A,False,N/A,Intermediate,High,Medium,Medium,Adulto,9.0,Low,Affectionate,Medium,True,True,False,Medium,Low,0
54,258,Apartment,False,False,N/A,False,N/A,Intermediate,High,Medium,Medium,Adulto,10.6,Medium,Affectionate,High,True,True,False,Low,Medium,1
54,174,Apartment,False,False,N/A,False,N/A,Intermediate,High,Medium,Medium,Adulto,1.6,High,Calm,Low,False,False,True,Low,High,1
54,86,Apartment,False,False,N/A,False,N/A,Intermediate,High,Medium,Medium,Adulto,4.2,Low,Affectionate,High,True,True,True,Low,Low,0
55,154,Apartment,False,True,13-17,False,N/A,Beginner,High,High,Medium,Adulto,8.9,Low,Calm,Medium,True,True,False,Medium,High,1
55,187,Apartment,False,True,13-17,False,N/A,Beginner,High,High,Medium,Adulto,8.1,Medium,Independent,Low,True,True,False,Medium,Medium,0
55,224,Apartment,False,True,13-17,False,N/A,Beginner,High,High,Medium,Adulto,11.0,High,Affectionate,Low,True,False,False,High,High,1
55,104,Apartment,False,True,13-17,False,N/A,Beginner,High,High,Medium,Adulto,4.3,High,Territorial,High,True,True,True,High,Low,0
55,255,Apartment,False,True,13-17,False,N/A,Beginner,High,High,Medium,Adulto,9.0,Low,Affectionate,Medium,True,True,False,Medium,Low,0
56,39,Apartment,False,False,N/A,False,N/A,Experienced,Medium,High,Medium,Filhote,4.6,Low,Playful,High,True,False,False,Low,Low,0
56,275,Apartment,False,False,N/A,False,N/A,Experienced,Medium,High,Medium,Filhote,3.7,Low,Calm,Low,True,True,True,Low,High,1
56,110,Apartment,False,False,N/A,False,N/A,Experienced,Medium,High,Medium,Filhote,13.4,Medium,Independent,High,True,False,False,Medium,High,1
56,148,Apartment,False,False,N/A,False,N/A,Experienced,Medium,High,Medium,Filhote,5.4,Low,Territorial,Low,True,True,True,Low,Low,0
56,136,Apartment,False,False,N/A,False,N/A,Experienced,Medium,High,Medium,Filhote,11.2,Medium,Independent,Low,True,False,True,Medium,Medium,1
57,25,Apartment,True,False,N/A,False,N/A,Experienced,High,Medium,Medium,Idoso,3.2,Medium,Affectionate,Medium,False,True,False,Medium,High,1
57,153,Apartment,True,False,N/A,False,N/A,Experienced,High,Medium,Medium,Idoso,13.3,High,Affectionate,Low,False,False,True,Medium,High,1
57,294,Apartment,True,False,N/A,False,N/A,Experienced,High,Medium,Medium,Idoso,10.5,Medium,Independent,High,True,False,False,Medium,Low,1
57,206,Apartment,True,False,N/A,False,N/A,Experienced,High,Medium,Medium,Idoso,8.4,High,Independent,Medium,True,True,True,High,Medium,1
57,116,Apartment,True,False,N/A,False,N/A,Experienced,High,Medium,Medium,Idoso,1.9,High,Territorial,High,False,False,False,High,Medium,1
58,48,Apartment,True,True,13-17,False,N/A,Experienced,High,High,Small,Idoso,5.3,High,Playful,Medium,True,False,True,High,Low,1
58,297,Apartment,True,True,13-17,False,N/A,Experienced,High,High,Small,Idoso,13.3,High,Playful,High,True,True,False,High,High,1
58,49,Apartment,True,True,13-17,False,N/A,Experienced,High,High,Small,Idoso,7.9,High,Affectionate,Low,True,True,False,Low,Medium,1
58,173,Apartment,True,True,13-17,False,N/A,Experienced,High,High,Small,Idoso,11.6,Medium,Independent,Low,True,True,True,Medium,Low,0
58,140,Apartment,True,True,13-17,False,N/A,Experienced,High,High,Small,Idoso,2.7,Medium,Affectionate,High,False,True,True,Medium,High,0
59,35,House,False,False,N/A,False,N/A,Intermediate,High,Low,Medium,Adulto,9.4,High,Affectionate,Medium,True,False,False,Medium,High,1
59,291,House,False,False,N/A,False,N/A,Intermediate,High,Low,Medium,Adulto,5.0,Low,Affectionate,Low,True,False,True,Low,Low,1
59,272,House,False,False,N/A,False,N/A,Intermediate,High,Low,Medium,Adulto,4.0,Low,Playful,Low,False,True,True,Low,Medium,1
59,244,House,False,False,N/A,False,N/A,Intermediate,High,Low,Medium,Adulto,12.9,Medium,Independent,Low,True,False,True,Medium,High,1
59,219,House,False,False,N/A,False,N/A,Intermediate,High,Low,Medium,Adulto,1.8,Low,Calm,Medium,True,False,True,Medium,High,1
60,108,House,False,False,N/A,False,N/A,Intermediate,Medium,Low,Small,Idoso,10.0,High,Affectionate,High,True,False,True,Low,High,1
60,178,House,False,False,N/A,False,N/A,Intermediate,Medium,Low,Small,Idoso,7.6,Low,Calm,Low,False,True,False,Medium,Medium,1
60,40,House,False,False,N/A,False,N/A,Intermediate,Medium,Low,Small,Idoso,10.0,Low,Calm,High,True,False,False,Low,Medium,1
60,155,House,False,False,N/A,False,N/A,Intermediate,Medium,Low,Small,Idoso,11.9,High,Affectionate,Low,True,True,True,Medium,High,1
60,259,House,False,False,N/A,False,N/A,Intermediate,Medium,Low,Small,Idoso,5.5,Low,Territorial,Medium,True,True,True,Low,Medium,1
61,154,House,True,False,N/A,False,N/A,Intermediate,High,Low,Large,Filhote,8.9,Low,Calm,Medium,True,True,False,Medium,High,1
61,222,House,True,False,N/A,False,N/A,Intermediate,High,Low,Large,Filhote,10.1,High,Playful,High,False,False,False,Medium,High,1
61,277,House,True,False,N/A,False,N/A,Intermediate,High,Low,Large,Filhote,1.2,High,Independent,High,True,True,False,Low,High,1
61,161,House,True,False,N/A,False,N/A,Intermediate,High,Low,Large,Filhote,4.3,Medium,Affectionate,Low,True,False,True,Medium,Medium,1
61,103,House,True,False,N/A,False,N/A,Intermediate,High,Low,Large,Filhote,4.2,Low,Territorial,Low,False,True,False,Low,High,1
62,213,Apartment,True,False,N/A,True,dog,Beginner,High,Low,Medium,Adulto,1.1,High,Territorial,Medium,False,False,True,High,High,0
62,206,Apartment,True,False,N/A,True,dog,Beginner,High,Low,Medium,Adulto,8.4,High,Independent,Medium,True,True,True,High,Medium,0
62,129,Apartment,True,False,N/A,True,dog,Beginner,High,Low,Medium,Adulto,2.6,Low,Territorial,High,False,True,False,Medium,Low,0
62,264,Apartment,True,False,N/A,True,dog,Beginner,High,Low,Medium,Adulto,3.4,Medium,Territorial,High,True,False,False,Medium,Low,0
62,233,Apartment,True,False,N/A,True,dog,Beginner,High,Low,Medium,Adulto,6.8,High,Affectionate,High,True,False,True,Low,Low,0
63,281,House,True,True,0-5,True,dog,Experienced,High,Low,Large,Adulto,13.5,Low,Territorial,Medium,True,True,True,Low,Low,1
63,93,House,True,True,0-5,True,dog,Experienced,High,Low,Large,Adulto,13.4,High,Playful,Low,True,False,True,Low,Medium,0
63,10,House,True,True,0-5,True,dog,Experienced,High,Low,Large,Adulto,2.0,High,Calm,High,True,True,True,Medium,Medium,1
63,265,House,True,True,0-5,True,dog,Experienced,High,Low,Large,Adulto,3.5,High,Playful,Medium,True,True,False,High,Low,1
63,96,House,True,True,0-5,True,dog,Experienced,High,Low,Large,Adulto,11.2,Low,Playful,Low,True,True,True,Low,Low,1
64,296,Apartment,False,True,13-17,True,dog,Intermediate,Low,Low,Large,Filhote,3.1,High,Independent,High,False,True,True,Low,Low,0
64,256,Apartment,False,True,13-17,True,dog,Intermediate,Low,Low,Large,Filhote,5.1,Medium,Playful,Medium,False,True,True,Medium,Medium,0
64,110,Apartment,False,True,13-17,True,dog,Intermediate,Low,Low,Large,Filhote,13.4,Medium,Independent,High,True,False,False,Medium,High,0
64,240,Apartment,False,True,13-17,True,dog,Intermediate,Low,Low,Large,Filhote,2.8,Low,Independent,Low,True,True,True,Low,Medium,1
64,138,Apartment,False,True,13-17,True,dog,Intermediate,Low,Low,Large,Filhote,2.6,High,Independent,Medium,True,True,True,High,Low,0
65,273,House,False,False,N/A,False,N/A,Beginner,High,Medium,Large,Idoso,10.4,Medium,Affectionate,High,False,False,True,Medium,Medium,1
65,223,House,False,False,N/A,False,N/A,Beginner,High,Medium,Large,Idoso,6.9,High,Affectionate,Low,True,True,True,High,Medium,1
65,290,House,False,False,N/A,False,N/A,Beginner,High,Medium,Large,Idoso,13.8,Low,Affectionate,Low,False,True,False,Low,Low,1
65,31,House,False,False,N/A,False,N/A,Beginner,High,Medium,Large,Idoso,13.7,Low,Territorial,High,False,True,True,Low,Medium,0
65,268,House,False,False,N/A,False,N/A,Beginner,High,Medium,Large,Idoso,0.4,Low,Independent,Medium,True,False,True,Medium,High,0
66,103,House,True,True,6-12,False,N/A,Beginner,Low,Low,Medium,Adulto,4.2,Low,Territorial,Low,False,True,False,Low,High,0
66,187,House,True,True,6-12,False,N/A,Beginner,Low,Low,Medium,Adulto,8.1,Medium,Independent,Low,True,True,False,Medium,Medium,0
66,237,House,True,True,6-12,False,N/A,Beginner,Low,Low,Medium,Adulto,10.4,High,Playful,High,False,False,True,High,High,0
66,76,House,True,True,6-12,False,N/A,Beginner,Low,Low,Medium,Adulto,3.5,Medium,Playful,High,True,False,True,Low,High,1
66,124,House,True,True,6-12,False,N/A,Beginner,Low,Low,Medium,Adulto,13.2,Low,Affectionate,Low,True,True,True,Medium,Medium,1
67,78,Apartment,True,False,N/A,False,N/A,Experienced,Medium,Medium,Medium,Filhote,6.5,Medium,Territorial,Medium,True,False,True,Low,High,1
67,154,Apartment,True,False,N/A,False,N/A,Experienced,Medium,Medium,Medium,Filhote,8.9,Low,Calm,Medium,True,True,False,Medium,High,1
67,223,Apartment,True,False,N/A,False,N/A,Experienced,Medium,Medium,Medium,Filhote,6.9,High,Affectionate,Low,True,True,True,High,Medium,0
67,211,Apartment,True,False,N/A,False,N/A,Experienced,Medium,Medium,Medium,Filhote,1.0,Medium,Independent,High,True,False,True,Medium,Low,1
67,164,Apartment,True,False,N/A,False,N/A,Experienced,Medium,Medium,Medium,Filhote,10.3,High,Calm,Medium,True,False,True,Medium,Low,0
68,33,House,False,False,N/A,False,N/A,Intermediate,Medium,High,Medium,Idoso,2.4,High,Territorial,Low,True,True,True,High,Low,1
68,105,House,False,False,N/A,False,N/A,Intermediate,Medium,High,Medium,Idoso,0.9,High,Territorial,Medium,True,False,True,Low,Medium,1
68,212,House,False,False,N/A,False,N/A,Intermediate,Medium,High,Medium,Idoso,12.3,Medium,Playful,Low,True,False,True,Medium,Low,1
68,137,House,False,False,N/A,False,N/A,Intermediate,Medium,High,Medium,Idoso,1.5,Low,Calm,Low,True,True,False,Low,Low,1
68,147,House,False,False,N/A,False,N/A,Intermediate,Medium,High,Medium,Idoso,8.7,High,Independent,Medium,True,False,False,Medium,Low,1
69,83,House,False,False,N/A,True,cat,Experienced,High,Medium,Medium,Adulto,10.6,High,Independent,Medium,False,True,False,Medium,High,0
69,132,House,False,False,N/A,True,cat,Experienced,High,Medium,Medium,Adulto,4.4,Low,Affectionate,Medium,True,True,False,Low,Medium,0
69,121,House,False,False,N/A,True,cat,Experienced,High,Medium,Medium,Adulto,11.7,Low,Territorial,Medium,True,False,True,Low,Low,1
69,208,House,False,False,N/A,True,cat,Experienced,High,Medium,Medium,Adulto,9.3,Low,Affectionate,Medium,True,True,True,Low,High,1
69,123,House,False,False,N/A,True,cat,Experienced,High,Medium,Medium,Adulto,8.2,Low,Playful,High,True,True,True,Medium,High,1
70,59,House,False,True,13-17,True,dog,Experienced,High,High,Small,Idoso,11.3,Medium,Playful,High,False,False,False,Medium,High,0
70,77,House,False,True,13-17,True,dog,Experienced,High,High,Small,Idoso,2.4,High,Independent,Medium,True,True,True,Medium,High,1
70,99,House,False,True,13-17,True,dog,Experienced,High,High,Small,Idoso,2.6,High,Territorial,High,False,True,False,High,High,1
70,15,House,False,True,13-17,True,dog,Experienced,High,High,Small,Idoso,1.2,High,Territorial,Low,True,True,True,High,High,1
70,126,House,False,True,13-17,True,dog,Experienced,High,High,Small,Idoso,12.2,Low,Playful,Low,False,True,False,Low,Low,0
71,159,Apartment,True,True,0-5,False,N/A,Experienced,Low,Low,Small,Adulto,0.4,High,Independent,High,True,False,False,High,Low,0
71,238,Apartment,True,True,0-5,False,N/A,Experienced,Low,Low,Small,Adulto,3.9,Low,Territorial,High,True,True,True,Low,High,1
71,249,Apartment,True,True,0-5,False,N/A,Experienced,Low,Low,Small,Adulto,11.0,High,Territorial,High,True,False,False,High,Low,0
71,287,Apartment,True,True,0-5,False,N/A,Experienced,Low,Low,Small,Adulto,0.9,High,Territorial,High,True,True,False,High,Low,0
71,224,Apartment,True,True,0-5,False,N/A,Experienced,Low,Low,Small,Adulto,11.0,High,Affectionate,Low,True,False,False,High,High,0
72,217,House,True,True,13-17,True,cat,Intermediate,Low,Low,Small,Idoso,1.7,High,Calm,High,False,False,False,Low,Low,0
72,19,House,True,True,13-17,True,cat,Intermediate,Low,Low,Small,Idoso,1.8,High,Territorial,High,True,True,True,Low,Low,1
72,104,House,True,True,13-17,True,cat,Intermediate,Low,Low,Small,Idoso,4.3,High,Territorial,High,True,True,True,High,Low,0
72,82,House,True,True,13-17,True,cat,Intermediate,Low,Low,Small,Idoso,12.3,Medium,Playful,Low,True,False,False,Medium,High,0
72,140,House,True,True,13-17,True,cat,Intermediate,Low,Low,Small,Idoso,2.7,Medium,Affectionate,High,False,True,True,Medium,High,0
73,70,Apartment,False,True,13-17,False,N/A,Beginner,High,Low,Small,Idoso,11.4,High,Calm,Low,True,False,False,Low,Low,0
73,15,Apartment,False,True,13-17,False,N/A,Beginner,High,Low,Small,Idoso,1.2,High,Territorial,Low,True,True,True,High,High,0
73,133,Apartment,False,True,13-17,False,N/A,Beginner,High,Low,Small,Idoso,3.4,Low,Calm,Low,False,True,True,Low,Low,0
73,143,Apartment,False,True,13-17,False,N/A,Beginner,High,Low,Small,Idoso,0.4,Medium,Affectionate,Medium,True,False,False,Low,Medium,1
73,282,Apartment,False,True,13-17,False,N/A,Beginner,High,Low,Small,Idoso,9.9,High,Playful,High,True,True,True,Medium,Medium,1
74,91,Apartment,False,True,13-17,False,N/A,Beginner,Medium,Medium,Medium,Idoso,7.1,Medium,Calm,High,True,True,False,Low,Medium,1
74,22,Apartment,False,True,13-17,False,N/A,Beginner,Medium,Medium,Medium,Idoso,9.6,High,Calm,Medium,True,False,True,Medium,High,1
74,249,Apartment,False,True,13-17,False,N/A,Beginner,Medium,Medium,Medium,Idoso,11.0,High,Territorial,High,True,False,False,High,Low,0
74,11,Apartment,False,True,13-17,False,N/A,Beginner,Medium,Medium,Medium,Idoso,7.0,High,Playful,Medium,False,True,True,High,High,0
74,29,Apartment,False,True,13-17,False,N/A,Beginner,Medium,Medium,Medium,Idoso,4.7,Medium,Playful,Low,True,True,True,Medium,Medium,1
75,43,House,False,False,N/A,False,N/A,Experienced,High,Medium,Medium,Filhote,2.7,Low,Affectionate,Medium,False,True,True,Low,Low,1
75,161,House,False,False,N/A,False,N/A,Experienced,High,Medium,Medium,Filhote,4.3,Medium,Affectionate,Low,True,False,True,Medium,Medium,1
75,153,House,False,False,N/A,False,N/A,Experienced,High,Medium,Medium,Filhote,13.3,High,Affectionate,Low,False,False,True,Medium,High,1
75,33,House,False,False,N/A,False,N/A,Experienced,High,Medium,Medium,Filhote,2.4,High,Territorial,Low,True,True,True,High,Low,1
75,209,House,False,False,N/A,False,N/A,Experienced,High,Medium,Medium,Filhote,6.0,High,Calm,Low,True,False,False,Low,Low,1
76,187,Apartment,True,False,N/A,True,cat,Beginner,Medium,Medium,Small,Adulto,8.1,Medium,Independent,Low,True,True,False,Medium,Medium,0
76,47,Apartment,True,False,N/A,True,cat,Beginner,Medium,Medium,Small,Adulto,11.4,Medium,Calm,Medium,True,True,False,Medium,Medium,1
76,204,Apartment,True,False,N/A,True,cat,Beginner,Medium,Medium,Small,Adulto,4.6,High,Independent,Low,False,True,False,Low,High,0
76,72,Apartment,True,False,N/A,True,cat,Beginner,Medium,Medium,Small,Adulto,9.4,Medium,Independent,Low,False,True,True,Medium,Low,0
76,121,Apartment,True,False,N/A,True,cat,Beginner,Medium,Medium,Small,Adulto,11.7,Low,Territorial,Medium,True,False,True,Low,Low,0
77,58,Apartment,False,True,0-5,False,N/A,Experienced,Medium,Low,Small,Idoso,8.2,Medium,Independent,High,True,True,False,Low,Low,0
77,293,Apartment,False,True,0-5,False,N/A,Experienced,Medium,Low,Small,Idoso,3.5,High,Affectionate,High,True,True,True,Medium,High,1
77,257,Apartment,False,True,0-5,False,N/A,Experienced,Medium,Low,Small,Idoso,9.6,Low,Territorial,Low,False,True,True,Low,Low,0
77,62,Apartment,False,True,0-5,False,N/A,Experienced,Medium,Low,Small,Idoso,11.7,High,Calm,High,True,True,False,Low,High,1
77,268,Apartment,False,True,0-5,False,N/A,Experienced,Medium,Low,Small,Idoso,0.4,Low,Independent,Medium,True,False,True,Medium,High,1
78,298,Apartment,False,False,N/A,True,cat,Beginner,Low,Low,Small,Idoso,2.1,Low,Territorial,Low,True,True,True,Low,High,1
78,269,Apartment,False,False,N/A,True,cat,Beginner,Low,Low,Small,Idoso,2.9,Medium,Playful,Low,False,False,False,Medium,High,0
78,129,Apartment,False,False,N/A,True,cat,Beginner,Low,Low,Small,Idoso,2.6,Low,Territorial,High,False,True,False,Medium,Low,0
78,255,Apartment,False,False,N/A,True,cat,Beginner,Low,Low,Small,Idoso,9.0,Low,Affectionate,Medium,True,True,False,Medium,Low,0
78,47,Apartment,False,False,N/A,True,cat,Beginner,Low,Low,Small,Idoso,11.4,Medium,Calm,Medium,True,True,False,Medium,Medium,0
79,122,Apartment,False,False,N/A,False,N/A,Beginner,High,High,Small,Filhote,3.6,High,Affectionate,High,False,False,True,Low,Low,1
79,63,Apartment,False,False,N/A,False,N/A,Beginner,High,High,Small,Filhote,2.9,Medium,Playful,High,True,False,True,Medium,High,1
79,161,Apartment,False,False,N/A,False,N/A,Beginner,High,High,Small,Filhote,4.3,Medium,Affectionate,Low,True,False,True,Medium,Medium,1
79,169,Apartment,False,False,N/A,False,N/A,Beginner,High,High,Small,Filhote,8.4,Medium,Playful,Low,False,True,True,Medium,High,1
79,300,Apartment,False,False,N/A,False,N/A,Beginner,High,High,Small,Filhote,9.7,High,Affectionate,Low,True,False,False,Medium,High,1
80,200,House,False,False,N/A,True,dog,Experienced,High,Medium,Medium,Adulto,10.2,High,Affectionate,Medium,True,True,False,Low,High,1
80,121,House,False,False,N/A,True,dog,Experienced,High,Medium,Medium,Adulto,11.7,Low,Territorial,Medium,True,False,True,Low,Low,0
80,217,House,False,False,N/A,True,dog,Experienced,High,Medium,Medium,Adulto,1.7,High,Calm,High,False,False,False,Low,Low,0
80,112,House,False,False,N/A,True,dog,Experienced,High,Medium,Medium,Adulto,6.8,High,Independent,High,True,False,False,Medium,Low,0
80,74,House,False,False,N/A,True,dog,Experienced,High,Medium,Medium,Adulto,0.9,High,Independent,High,True,True,False,High,High,1
81,55,Apartment,False,False,N/A,False,N/A,Beginner,Medium,High,Medium,Filhote,2.3,High,Independent,High,True,False,False,High,High,0
81,90,Apartment,False,False,N/A,False,N/A,Beginner,Medium,High,Medium,Filhote,13.9,High,Calm,High,True,True,False,Medium,Medium,1
81,110,Apartment,False,False,N/A,False,N/A,Beginner,Medium,High,Medium,Filhote,13.4,Medium,Independent,High,True,False,False,Medium,High,0
81,141,Apartment,False,False,N/A,False,N/A,Beginner,Medium,High,Medium,Filhote,13.2,Medium,Calm,Medium,False,True,True,Medium,Medium,1
81,226,Apartment,False,False,N/A,False,N/A,Beginner,Medium,High,Medium,Filhote,4.3,Low,Playful,High,True,True,True,Low,Medium,1
82,210,House,True,False,N/A,False,N/A,Intermediate,Medium,Low,Large,Idoso,4.8,Low,Calm,High,False,True,True,Medium,Low,1
82,131,House,True,False,N/A,False,N/A,Intermediate,Medium,Low,Large,Idoso,0.5,High,Calm,High,True,True,True,Medium,Medium,1
82,29,House,True,False,N/A,False,N/A,Intermediate,Medium,Low,Large,Idoso,4.7,Medium,Playful,Low,True,True,True,Medium,Medium,1
82,252,House,True,False,N/A,False,N/A,Intermediate,Medium,Low,Large,Idoso,11.0,Low,Calm,Medium,True,True,True,Low,High,1
82,274,House,True,False,N/A,False,N/A,Intermediate,Medium,Low,Large,Idoso,12.1,Low,Affectionate,Medium,True,False,False,Low,High,1
83,192,House,True,True,6-12,False,N/A,Intermediate,High,Low,Small,Idoso,11.0,High,Independent,Medium,False,True,True,High,Medium,0
83,58,House,True,True,6-12,False,N/A,Intermediate,High,Low,Small,Idoso,8.2,Medium,Independent,High,True,True,False,Low,Low,1
83,163,House,True,True,6-12,False,N/A,Intermediate,High,Low,Small,Idoso,7.7,High,Independent,Low,True,True,False,High,High,1
83,280,House,True,True,6-12,False,N/A,Intermediate,High,Low,Small,Idoso,7.0,High,Independent,High,False,False,False,High,High,0
83,217,House,True,True,6-12,False,N/A,Intermediate,High,Low,Small,Idoso,1.7,High,Calm,High,False,False,False,Low,Low,0
84,244,Apartment,True,True,6-12,False,N/A,Beginner,High,High,Medium,Adulto,12.9,Medium,Independent,Low,True,False,True,Medium,High,0
84,127,Apartment,True,True,6-12,False,N/A,Beginner,High,High,Medium,Adulto,6.7,Medium,Independent,High,False,True,False,Medium,Medium,0
84,143,Apartment,True,True,6-12,False,N/A,Beginner,High,High,Medium,Adulto,0.4,Medium,Affectionate,Medium,True,False,False,Low,Medium,1
84,75,Apartment,True,True,6-12,False,N/A,Beginner,High,High,Medium,Adulto,11.9,Low,Territorial,Low,True,True,True,Medium,High,0
84,186,Apartment,True,True,6-12,False,N/A,Beginner,High,High,Medium,Adulto,6.2,High,Calm,Low,True,False,True,Low,Medium,1
85,244,Apartment,True,True,0-5,False,N/A,Beginner,High,High,Small,Adulto,12.9,Medium,Independent,Low,True,False,True,Medium,High,0
85,189,Apartment,True,True,0-5,False,N/A,Beginner,High,High,Small,Adulto,9.4,High,Territorial,Low,True,False,False,High,Low,0
85,158,Apartment,True,True,0-5,False,N/A,Beginner,High,High,Small,Adulto,9.8,Low,Affectionate,Low,True,True,False,Low,Low,0
85,11,Apartment,True,True,0-5,False,N/A,Beginner,High,High,Small,Adulto,7.0,High,Playful,Medium,False,True,True,High,High,1
85,18,Apartment,True,True,0-5,False,N/A,Beginner,High,High,Small,Adulto,3.1,Medium,Independent,Low,True,True,True,Medium,High,0
86,28,House,False,True,6-12,False,N/A,Beginner,Low,Medium,Small,Adulto,11.7,Medium,Affectionate,Medium,True,True,False,Medium,Low,1
86,123,House,False,True,6-12,False,N/A,Beginner,Low,Medium,Small,Adulto,8.2,Low,Playful,High,True,True,True,Medium,High,0
86,130,House,False,True,6-12,False,N/A,Beginner,Low,Medium,Small,Adulto,0.4,Low,Calm,High,True,False,False,Low,Low,1
86,283,House,False,True,6-12,False,N/A,Beginner,Low,Medium,Small,Adulto,11.6,High,Affectionate,High,False,True,False,Medium,High,0
86,197,House,False,True,6-12,False,N/A,Beginner,Low,Medium,Small,Adulto,4.0,Low,Affectionate,Low,True,False,True,Low,High,1
87,159,Apartment,True,False,N/A,True,cat,Experienced,High,Low,Large,Idoso,0.4,High,Independent,High,True,False,False,High,Low,0
87,186,Apartment,True,False,N/A,True,cat,Experienced,High,Low,Large,Idoso,6.2,High,Calm,Low,True,False,True,Low,Medium,1
87,63,Apartment,True,False,N/A,True,cat,Experienced,High,Low,Large,Idoso,2.9,Medium,Playful,High,True,False,True,Medium,High,1
87,274,Apartment,True,False,N/A,True,cat,Experienced,High,Low,Large,Idoso,12.1,Low,Affectionate,Medium,True,False,False,Low,High,1
87,122,Apartment,True,False,N/A,True,cat,Experienced,High,Low,Large,Idoso,3.6,High,Affectionate,High,False,False,True,Low,Low,0
88,227,Apartment,False,True,0-5,True,cat,Experienced,Low,Low,Large,Idoso,13.0,Low,Affectionate,High,True,True,False,Low,Low,0
88,199,Apartment,False,True,0-5,True,cat,Experienced,Low,Low,Large,Idoso,6.9,High,Independent,Medium,False,False,False,Low,High,0
88,5,Apartment,False,True,0-5,True,cat,Experienced,Low,Low,Large,Idoso,1.2,Medium,Affectionate,Medium,False,False,True,Medium,Medium,0
88,202,Apartment,False,True,0-5,True,cat,Experienced,Low,Low,Large,Idoso,6.1,Low,Territorial,Medium,True,True,True,Medium,Low,0
88,131,Apartment,False,True,0-5,True,cat,Experienced,Low,Low,Large,Idoso,0.5,High,Calm,High,True,True,True,Medium,Medium,0
89,155,Apartment,False,True,0-5,True,cat,Experienced,Low,High,Small,Filhote,11.9,High,Affectionate,Low,True,True,True,Medium,High,1
89,47,Apartment,False,True,0-5,True,cat,Experienced,Low,High,Small,Filhote,11.4,Medium,Calm,Medium,True,True,False,Medium,Medium,0
89,121,Apartment,False,True,0-5,True,cat,Experienced,Low,High,Small,Filhote,11.7,Low,Territorial,Medium,True,False,True,Low,Low,0
89,153,Apartment,False,True,0-5,True,cat,Experienced,Low,High,Small,Filhote,13.3,High,Affectionate,Low,False,False,True,Medium,High,0
89,108,Apartment,False,True,0-5,True,cat,Experienced,Low,High,Small,Filhote,10.0,High,Affectionate,High,True,False,True,Low,High,1
90,83,Apartment,True,True,0-5,False,N/A,Intermediate,Medium,High,Large,Adulto,10.6,High,Independent,Medium,False,True,False,Medium,High,1
90,225,Apartment,True,True,0-5,False,N/A,Intermediate,Medium,High,Large,Adulto,6.0,Medium,Calm,High,True,False,False,Medium,High,1
90,163,Apartment,True,True,0-5,False,N/A,Intermediate,Medium,High,Large,Adulto,7.7,High,Independent,Low,True,True,False,High,High,1
90,209,Apartment,True,True,0-5,False,N/A,Intermediate,Medium,High,Large,Adulto,6.0,High,Calm,Low,True,False,False,Low,Low,1
90,18,Apartment,True,True,0-5,False,N/A,Intermediate,Medium,High,Large,Adulto,3.1,Medium,Independent,Low,True,True,True,Medium,High,1
91,141,Apartment,True,True,0-5,False,N/A,Beginner,High,Low,Medium,Filhote,13.2,Medium,Calm,Medium,False,True,True,Medium,Medium,0
91,42,Apartment,True,True,0-5,False,N/A,Beginner,High,Low,Medium,Filhote,10.9,High,Independent,High,False,True,False,Low,Low,0
91,252,Apartment,True,True,0-5,False,N/A,Beginner,High,Low,Medium,Filhote,11.0,Low,Calm,Medium,True,True,True,Low,High,1
91,242,Apartment,True,True,0-5,False,N/A,Beginner,High,Low,Medium,Filhote,7.0,Medium,Affectionate,Low,True,True,True,Medium,High,1
91,212,Apartment,True,True,0-5,False,N/A,Beginner,High,Low,Medium,Filhote,12.3,Medium,Playful,Low,True,False,True,Medium,Low,0
92,171,House,True,True,6-12,True,dog,Intermediate,Low,High,Small,Filhote,9.0,Low,Affectionate,High,False,True,True,Low,Medium,0
92,217,House,True,True,6-12,True,dog,Intermediate,Low,High,Small,Filhote,1.7,High,Calm,High,False,False,False,Low,Low,0
92,52,House,True,True,6-12,True,dog,Intermediate,Low,High,Small,Filhote,2.0,Low,Affectionate,Low,True,True,False,Low,Medium,1
92,83,House,True,True,6-12,True,dog,Intermediate,Low,High,Small,Filhote,10.6,High,Independent,Medium,False,True,False,Medium,High,0
92,134,House,True,True,6-12,True,dog,Intermediate,Low,High,Small,Filhote,13.0,Medium,Territorial,Medium,False,True,True,Medium,High,0
93,260,House,False,True,0-5,False,N/A,Intermediate,Low,Low,Small,Filhote,6.5,Medium,Calm,High,True,True,True,Medium,Low,0
93,34,House,False,True,0-5,False,N/A,Intermediate,Low,Low,Small,Filhote,13.0,Low,Playful,Low,True,False,True,Low,High,1
93,181,House,False,True,0-5,False,N/A,Intermediate,Low,Low,Small,Filhote,13.5,Medium,Independent,Medium,True,False,False,Medium,High,0
93,216,House,False,True,0-5,False,N/A,Intermediate,Low,Low,Small,Filhote,4.8,Medium,Territorial,High,True,False,True,Low,Medium,1
93,281,House,False,True,0-5,False,N/A,Intermediate,Low,Low,Small,Filhote,13.5,Low,Territorial,Medium,True,True,True,Low,Low,1
94,168,House,False,False,N/A,False,N/A,Intermediate,High,Low,Small,Filhote,2.8,Low,Calm,Medium,False,False,True,Low,Medium,1
94,233,House,False,False,N/A,False,N/A,Intermediate,High,Low,Small,Filhote,6.8,High,Affectionate,High,True,False,True,Low,Low,1
94,15,House,False,False,N/A,False,N/A,Intermediate,High,Low,Small,Filhote,1.2,High,Territorial,Low,True,True,True,High,High,1
94,27,House,False,False,N/A,False,N/A,Intermediate,High,Low,Small,Filhote,2.3,Medium,Playful,Low,False,False,True,Low,Medium,1
94,95,House,False,False,N/A,False,N/A,Intermediate,High,Low,Small,Filhote,3.0,High,Playful,High,True,True,False,Medium,High,1
95,228,House,True,False,N/A,False,N/A,Beginner,High,High,Small,Idoso,3.3,Low,Independent,Medium,True,False,True,Medium,High,0
95,70,House,True,False,N/A,False,N/A,Beginner,High,High,Small,Idoso,11.4,High,Calm,Low,True,False,False,Low,Low,1
95,2,House,True,False,N/A,False,N/A,Beginner,High,High,Small,Idoso,8.4,Low,Independent,Medium,True,False,True,Medium,Low,0
95,206,House,True,False,N/A,False,N/A,Beginner,High,High,Small,Idoso,8.4,High,Independent,Medium,True,True,True,High,Medium,1
95,103,House,True,False,N/A,False,N/A,Beginner,High,High,Small,Idoso,4.2,Low,Territorial,Low,False,True,False,Low,High,0
96,157,Apartment,False,True,6-12,False,N/A,Intermediate,Medium,Low,Large,Filhote,5.4,Medium,Independent,High,False,True,False,Low,Low,0
96,161,Apartment,False,True,6-12,False,N/A,Intermediate,Medium,Low,Large,Filhote,4.3,Medium,Affectionate,Low,True,False,True,Medium,Medium,1
96,295,Apartment,False,True,6-12,False,N/A,Intermediate,Medium,Low,Large,Filhote,5.0,Low,Affectionate,High,False,False,False,Low,High,1
96,43,Apartment,False,True,6-12,False,N/A,Intermediate,Medium,Low,Large,Filhote,2.7,Low,Affectionate,Medium,False,True,True,Low,Low,0
96,57,Apartment,False,True,6-12,False,N/A,Intermediate,Medium,Low,Large,Filhote,7.1,High,Playful,High,True,True,False,High,High,0
97,81,Apartment,False,True,13-17,False,N/A,Experienced,Low,Medium,Large,Idoso,6.1,High,Independent,Low,False,True,False,High,Low,0
97,128,Apartment,False,True,13-17,False,N/A,Experienced,Low,Medium,Large,Idoso,10.5,Low,Independent,Low,True,True,False,Low,Medium,1
97,265,Apartment,False,True,13-17,False,N/A,Experienced,Low,Medium,Large,Idoso,3.5,High,Playful,Medium,True,True,False,High,Low,0
97,67,Apartment,False,True,13-17,False,N/A,Experienced,Low,Medium,Large,Idoso,6.5,Medium,Calm,High,False,False,False,Medium,Medium,0
97,211,Apartment,False,True,13-17,False,N/A,Experienced,Low,Medium,Large,Idoso,1.0,Medium,Independent,High,True,False,True,Medium,Low,0
98,164,Apartment,False,True,13-17,True,cat,Intermediate,Low,Low,Large,Filhote,10.3,High,Calm,Medium,True,False,True,Medium,Low,0
98,232,Apartment,False,True,13-17,True,cat,Intermediate,Low,Low,Large,Filhote,5.6,Medium,Territorial,Low,False,True,False,Low,Medium,0
98,245,Apartment,False,True,13-17,True,cat,Intermediate,Low,Low,Large,Filhote,12.9,Low,Affectionate,Medium,True,True,True,Medium,Low,0
98,69,Apartment,False,True,13-17,True,cat,Intermediate,Low,Low,Large,Filhote,5.9,High,Territorial,Medium,True,True,True,Low,Medium,1
98,134,Apartment,False,True,13-17,True,cat,Intermediate,Low,Low,Large,Filhote,13.0,Medium,Territorial,Medium,False,True,True,Medium,High,0
99,89,Apartment,False,True,6-12,False,N/A,Experienced,Medium,Low,Small,Idoso,5.1,Low,Affectionate,High,True,True,False,Low,Low,1
99,168,Apartment,False,True,6-12,False,N/A,Experienced,Medium,Low,Small,Idoso,2.8,Low,Calm,Medium,False,False,True,Low,Medium,1
99,145,Apartment,False,True,6-12,False,N/A,Experienced,Medium,Low,Small,Idoso,13.0,Low,Territorial,Low,True,True,True,Low,Medium,1
99,102,Apartment,False,True,6-12,False,N/A,Experienced,Medium,Low,Small,Idoso,11.4,Low,Playful,Medium,False,True,False,Low,Low,0
99,44,Apartment,False,True,6-12,False,N/A,Experienced,Medium,Low,Small,Idoso,7.8,Low,Playful,Low,True,False,False,Low,Medium,1
100,213,Apartment,False,True,6-12,False,N/A,Experienced,Low,Low,Small,Idoso,1.1,High,Territorial,Medium,False,False,True,High,High,0
100,189,Apartment,False,True,6-12,False,N/A,Experienced,Low,Low,Small,Idoso,9.4,High,Territorial,Low,True,False,False,High,Low,0
100,94,Apartment,False,True,6-12,False,N/A,Experienced,Low,Low,Small,Idoso,7.6,Low,Playful,Low,True,True,True,Low,Low,1
100,202,Apartment,False,True,6-12,False,N/A,Experienced,Low,Low,Small,Idoso,6.1,Low,Territorial,Medium,True,True,True,Medium,Low,0
100,194,Apartment,False,True,6-12,False,N/A,Experienced,Low,Low,Small,Idoso,10.3,Medium,Affectionate,Low,False,True,True,Medium,Low,0
101,293,House,True,False,N/A,False,N/A,Experienced,Medium,Low,Small,Adulto,3.5,High,Affectionate,High,True,True,True,Medium,High,1
101,115,House,True,False,N/A,False,N/A,Experienced,Medium,Low,Small,Adulto,9.5,Low,Independent,Low,True,True,True,Medium,Medium,1
101,11,House,True,False,N/A,False,N/A,Experienced,Medium,Low,Small,Adulto,7.0,High,Playful,Medium,False,True,True,High,High,0
101,12,House,True,False,N/A,False,N/A,Experienced,Medium,Low,Small,Adulto,4.9,High,Playful,High,True,True,True,High,High,0
101,286,House,True,False,N/A,False,N/A,Experienced,Medium,Low,Small,Adulto,1.4,Low,Affectionate,Medium,False,True,False,Medium,High,1
102,118,House,False,True,6-12,True,dog,Beginner,Medium,High,Medium,Filhote,2.4,High,Playful,High,True,True,True,High,Low,1
102,46,House,False,True,6-12,True,dog,Beginner,Medium,High,Medium,Filhote,7.4,Medium,Territorial,Medium,True,True,True,Medium,Medium,0
102,237,House,False,True,6-12,True,dog,Beginner,Medium,High,Medium,Filhote,10.4,High,Playful,High,False,False,True,High,High,0
102,102,House,False,True,6-12,True,dog,Beginner,Medium,High,Medium,Filhote,11.4,Low,Playful,Medium,False,True,False,Low,Low,0
102,135,House,False,True,6-12,True,dog,Beginner,Medium,High,Medium,Filhote,3.5,Medium,Independent,Low,True,False,True,Medium,High,0
103,87,House,True,False,N/A,True,cat,Beginner,Medium,High,Small,Idoso,1.0,Low,Calm,Medium,True,True,True,Low,Low,1
103,26,House,True,False,N/A,True,cat,Beginner,Medium,High,Small,Idoso,9.5,Low,Calm,Low,True,True,False,Low,High,0
103,206,House,True,False,N/A,True,cat,Beginner,Medium,High,Small,Idoso,8.4,High,Independent,Medium,True,True,True,High,Medium,0
103,220,House,True,False,N/A,True,cat,Beginner,Medium,High,Small,Idoso,9.3,Medium,Calm,High,False,True,True,Medium,High,1
103,134,House,True,False,N/A,True,cat,Beginner,Medium,High,Small,Idoso,13.0,Medium,Territorial,Medium,False,True,True,Medium,High,0
104,77,House,True,True,13-17,True,dog,Intermediate,Low,Low,Medium,Adulto,2.4,High,Independent,Medium,True,True,True,Medium,High,0
104,46,House,True,True,13-17,True,dog,Intermediate,Low,Low,Medium,Adulto,7.4,Medium,Territorial,Medium,True,True,True,Medium,Medium,0
104,189,House,True,True,13-17,True,dog,Intermediate,Low,Low,Medium,Adulto,9.4,High,Territorial,Low,True,False,False,High,Low,0
104,88,House,True,True,13-17,True,dog,Intermediate,Low,Low,Medium,Adulto,7.5,Low,Affectionate,Medium,True,True,True,Low,High,1
104,291,House,True,True,13-17,True,dog,Intermediate,Low,Low,Medium,Adulto,5.0,Low,Affectionate,Low,True,False,True,Low,Low,1
105,61,Apartment,False,False,N/A,False,N/A,Experienced,Low,High,Large,Filhote,0.9,Low,Calm,Low,True,True,True,Low,High,1
105,8,Apartment,False,False,N/A,False,N/A,Experienced,Low,High,Large,Filhote,10.7,Medium,Affectionate,Low,True,True,False,Medium,Low,0
105,270,Apartment,False,False,N/A,False,N/A,Experienced,Low,High,Large,Filhote,6.0,High,Independent,Low,True,False,True,Medium,High,1
105,223,Apartment,False,False,N/A,False,N/A,Experienced,Low,High,Large,Filhote,6.9,High,Affectionate,Low,True,True,True,High,Medium,1
105,233,Apartment,False,False,N/A,False,N/A,Experienced,Low,High,Large,Filhote,6.8,High,Affectionate,High,True,False,True,Low,Low,1
106,254,Apartment,True,False,N/A,False,N/A,Experienced,Medium,Low,Large,Adulto,11.3,Medium,Affectionate,High,True,True,True,Low,Medium,1
106,61,Apartment,True,False,N/A,False,N/A,Experienced,Medium,Low,Large,Adulto,0.9,Low,Calm,Low,True,True,True,Low,High,1
106,115,Apartment,True,False,N/A,False,N/A,Experienced,Medium,Low,Large,Adulto,9.5,Low,Independent,Low,True,True,True,Medium,Medium,1
106,105,Apartment,True,False,N/A,False,N/A,Experienced,Medium,Low,Large,Adulto,0.9,High,Territorial,Medium,True,False,True,Low,Medium,1
106,98,Apartment,True,False,N/A,False,N/A,Experienced,Medium,Low,Large,Adulto,2.4,High,Playful,Medium,False,True,True,High,High,0
107,137,House,False,False,N/A,True,dog,Beginner,Medium,Medium,Large,Filhote,1.5,Low,Calm,Low,True,True,False,Low,Low,1
107,148,House,False,False,N/A,True,dog,Beginner,Medium,Medium,Large,Filhote,5.4,Low,Territorial,Low,True,True,True,Low,Low,0
107,254,House,False,False,N/A,True,dog,Beginner,Medium,Medium,Large,Filhote,11.3,Medium,Affectionate,High,True,True,True,Low,Medium,1
107,196,House,False,False,N/A,True,dog,Beginner,Medium,Medium,Large,Filhote,8.4,Medium,Independent,Low,False,True,False,Medium,Low,1
107,67,House,False,False,N/A,True,dog,Beginner,Medium,Medium,Large,Filhote,6.5,Medium,Calm,High,False,False,False,Medium,Medium,1
108,221,Apartment,False,False,N/A,False,N/A,Beginner,Medium,Low,Small,Adulto,1.7,Low,Affectionate,High,False,False,True,Low,Medium,1
108,106,Apartment,False,False,N/A,False,N/A,Beginner,Medium,Low,Small,Adulto,10.0,High,Independent,Medium,False,False,False,Medium,Medium,0
108,111,Apartment,False,False,N/A,False,N/A,Beginner,Medium,Low,Small,Adulto,10.5,High,Territorial,Low,True,True,True,High,High,0
108,145,Apartment,False,False,N/A,False,N/A,Beginner,Medium,Low,Small,Adulto,13.0,Low,Territorial,Low,True,True,True,Low,Medium,1
108,97,Apartment,False,False,N/A,False,N/A,Beginner,Medium,Low,Small,Adulto,7.5,Medium,Independent,High,True,True,True,Medium,Low,0
109,215,House,False,False,N/A,False,N/A,Intermediate,High,Low,Medium,Adulto,10.3,High,Playful,High,False,False,True,High,Low,1
109,93,House,False,False,N/A,False,N/A,Intermediate,High,Low,Medium,Adulto,13.4,High,Playful,Low,True,False,True,Low,Medium,1
109,210,House,False,False,N/A,False,N/A,Intermediate,High,Low,Medium,Adulto,4.8,Low,Calm,High,False,True,True,Medium,Low,1
109,75,House,False,False,N/A,False,N/A,Intermediate,High,Low,Medium,Adulto,11.9,Low,Territorial,Low,True,True,True,Medium,High,1
109,15,House,False,False,N/A,False,N/A,Intermediate,High,Low,Medium,Adulto,1.2,High,Territorial,Low,True,True,True,High,High,1
110,149,Apartment,False,True,6-12,False,N/A,Beginner,Low,Medium,Medium,Filhote,4.6,Low,Calm,Medium,True,False,False,Low,Medium,1
110,135,Apartment,False,True,6-12,False,N/A,Beginner,Low,Medium,Medium,Filhote,3.5,Medium,Independent,Low,True,False,True,Medium,High,0
110,121,Apartment,False,True,6-12,False,N/A,Beginner,Low,Medium,Medium,Filhote,11.7,Low,Territorial,Medium,True,False,True,Low,Low,0
110,231,Apartment,False,True,6-12,False,N/A,Beginner,Low,Medium,Medium,Filhote,2.4,High,Calm,Low,True,False,False,High,High,0
110,128,Apartment,False,True,6-12,False,N/A,Beginner,Low,Medium,Medium,Filhote,10.5,Low,Independent,Low,True,True,False,Low,Medium,0
111,190,House,False,False,N/A,True,dog,Experienced,Medium,High,Large,Idoso,12.7,Low,Affectionate,Low,False,True,True,Medium,Low,1
111,299,House,False,False,N/A,True,dog,Experienced,Medium,High,Large,Idoso,6.8,Medium,Calm,Medium,False,True,True,Medium,Low,1
111,235,House,False,False,N/A,True,dog,Experienced,Medium,High,Large,Idoso,2.8,Low,Territorial,Low,True,True,True,Low,High,1
111,44,House,False,False,N/A,True,dog,Experienced,Medium,High,Large,Idoso,7.8,Low,Playful,Low,True,False,False,Low,Medium,0
111,6,House,False,False,N/A,True,dog,Experienced,Medium,High,Large,Idoso,14.0,Medium,Calm,Low,True,True,False,Low,Medium,1
112,241,Apartment,False,True,6-12,False,N/A,Beginner,Medium,High,Medium,Idoso,0.8,Medium,Independent,High,True,True,False,Low,Medium,0
112,69,Apartment,False,True,6-12,False,N/A,Beginner,Medium,High,Medium,Idoso,5.9,High,Territorial,Medium,True,True,True,Low,Medium,1
112,166,Apartment,False,True,6-12,False,N/A,Beginner,Medium,High,Medium,Idoso,7.1,High,Affectionate,High,True,True,False,Low,Low,1
112,204,Apartment,False,True,6-12,False,N/A,Beginner,Medium,High,Medium,Idoso,4.6,High,Independent,Low,False,True,False,Low,High,0
112,109,Apartment,False,True,6-12,False,N/A,Beginner,Medium,High,Medium,Idoso,4.1,Low,Independent,High,True,False,True,Low,Low,0
113,197,Apartment,True,False,N/A,False,N/A,Experienced,Medium,High,Small,Adulto,4.0,Low,Affectionate,Low,True,False,True,Low,High,1
113,217,Apartment,True,False,N/A,False,N/A,Experienced,Medium,High,Small,Adulto,1.7,High,Calm,High,False,False,False,Low,Low,1
113,132,Apartment,True,False,N/A,False,N/A,Experienced,Medium,High,Small,Adulto,4.4,Low,Affectionate,Medium,True,True,False,Low,Medium,1
113,38,Apartment,True,False,N/A,False,N/A,Experienced,Medium,High,Small,Adulto,4.3,Low,Territorial,Medium,True,True,True,Low,Medium,1
113,49,Apartment,True,False,N/A,False,N/A,Experienced,Medium,High,Small,Adulto,7.9,High,Affectionate,Low,True,True,False,Low,Medium,1
114,286,Apartment,False,False,N/A,True,dog,Experienced,Medium,High,Small,Idoso,1.4,Low,Affectionate,Medium,False,True,False,Medium,High,1
114,31,Apartment,False,False,N/A,True,dog,Experienced,Medium,High,Small,Idoso,13.7,Low,Territorial,High,False,True,True,Low,Medium,1
114,27,Apartment,False,False,N/A,True,dog,Experienced,Medium,High,Small,Idoso,2.3,Medium,Playful,Low,False,False,True,Low,Medium,0
114,171,Apartment,False,False,N/A,True,dog,Experienced,Medium,High,Small,Idoso,9.0,Low,Affectionate,High,False,True,True,Low,Medium,1
114,121,Apartment,False,False,N/A,True,dog,Experienced,Medium,High,Small,Idoso,11.7,Low,Territorial,Medium,True,False,True,Low,Low,0
115,242,Apartment,True,False,N/A,False,N/A,Intermediate,Medium,High,Small,Adulto,7.0,Medium,Affectionate,Low,True,True,True,Medium,High,1
115,182,Apartment,True,False,N/A,False,N/A,Intermediate,Medium,High,Small,Adulto,5.5,Low,Calm,High,False,True,False,Low,High,1
115,24,Apartment,True,False,N/A,False,N/A,Intermediate,Medium,High,Small,Adulto,7.2,Medium,Affectionate,High,True,True,True,Medium,Medium,1
115,3,Apartment,True,False,N/A,False,N/A,Intermediate,Medium,High,Small,Adulto,7.9,Low,Calm,Low,False,False,False,Low,Medium,1
115,130,Apartment,True,False,N/A,False,N/A,Intermediate,Medium,High,Small,Adulto,0.4,Low,Calm,High,True,False,False,Low,Low,0
116,259,Apartment,False,True,0-5,False,N/A,Beginner,Medium,Low,Large,Filhote,5.5,Low,Territorial,Medium,True,True,True,Low,Medium,1
116,196,Apartment,False,True,0-5,False,N/A,Beginner,Medium,Low,Large,Filhote,8.4,Medium,Independent,Low,False,True,False,Medium,Low,0
116,155,Apartment,False,True,0-5,False,N/A,Beginner,Medium,Low,Large,Filhote,11.9,High,Affectionate,Low,True,True,True,Medium,High,1
116,203,Apartment,False,True,0-5,False,N/A,Beginner,Medium,Low,Large,Filhote,7.6,Medium,Playful,Low,True,False,False,Medium,Low,0
116,190,Apartment,False,True,0-5,False,N/A,Beginner,Medium,Low,Large,Filhote,12.7,Low,Affectionate,Low,False,True,True,Medium,Low,0
117,68,Apartment,False,False,N/A,False,N/A,Beginner,Medium,Medium,Medium,Idoso,4.6,High,Playful,High,False,True,False,Low,High,1
117,287,Apartment,False,False,N/A,False,N/A,Beginner,Medium,Medium,Medium,Idoso,0.9,High,Territorial,High,True,True,False,High,Low,0
117,22,Apartment,False,False,N/A,False,N/A,Beginner,Medium,Medium,Medium,Idoso,9.6,High,Calm,Medium,True,False,True,Medium,High,1
117,298,Apartment,False,False,N/A,False,N/A,Beginner,Medium,Medium,Medium,Idoso,2.1,Low,Territorial,Low,True,True,True,Low,High,0
117,92,Apartment,False,False,N/A,False,N/A,Beginner,Medium,Medium,Medium,Idoso,2.6,High,Calm,High,False,True,False,Medium,High,1
118,134,Apartment,True,False,N/A,True,cat,Intermediate,High,High,Small,Adulto,13.0,Medium,Territorial,Medium,False,True,True,Medium,High,1
118,87,Apartment,True,False,N/A,True,cat,Intermediate,High,High,Small,Adulto,1.0,Low,Calm,Medium,True,True,True,Low,Low,0
118,258,Apartment,True,False,N/A,True,cat,Intermediate,High,High,Small,Adulto,10.6,Medium,Affectionate,High,True,True,False,Low,Medium,0
118,253,Apartment,True,False,N/A,True,cat,Intermediate,High,High,Small,Adulto,1.2,High,Independent,Medium,True,False,True,High,High,1
118,174,Apartment,True,False,N/A,True,cat,Intermediate,High,High,Small,Adulto,1.6,High,Calm,Low,False,False,True,Low,High,1
119,240,House,False,False,N/A,False,N/A,Intermediate,High,High,Small,Filhote,2.8,Low,Independent,Low,True,True,True,Low,Medium,1
119,68,House,False,False,N/A,False,N/A,Intermediate,High,High,Small,Filhote,4.6,High,Playful,High,False,True,False,Low,High,1
119,46,House,False,False,N/A,False,N/A,Intermediate,High,High,Small,Filhote,7.4,Medium,Territorial,Medium,True,True,True,Medium,Medium,1
119,163,House,False,False,N/A,False,N/A,Intermediate,High,High,Small,Filhote,7.7,High,Independent,Low,True,True,False,High,High,1
119,272,House,False,False,N/A,False,N/A,Intermediate,High,High,Small,Filhote,4.0,Low,Playful,Low,False,True,True,Low,Medium,1
120,222,Apartment,True,False,N/A,False,N/A,Beginner,Medium,Low,Small,Filhote,10.1,High,Playful,High,False,False,False,Medium,High,1
120,73,Apartment,True,False,N/A,False,N/A,Beginner,Medium,Low,Small,Filhote,0.4,High,Independent,Medium,True,True,False,Low,High,0
120,134,Apartment,True,False,N/A,False,N/A,Beginner,Medium,Low,Small,Filhote,13.0,Medium,Territorial,Medium,False,True,True,Medium,High,0
120,60,Apartment,True,False,N/A,False,N/A,Beginner,Medium,Low,Small,Filhote,8.3,Medium,Affectionate,Low,True,False,True,Medium,High,1
120,161,Apartment,True,False,N/A,False,N/A,Beginner,Medium,Low,Small,Filhote,4.3,Medium,Affectionate,Low,True,False,True,Medium,Medium,1
121,23,House,True,True,0-5,False,N/A,Experienced,High,Low,Medium,Adulto,2.9,High,Territorial,High,False,False,False,High,High,0
121,66,House,True,True,0-5,False,N/A,Experienced,High,Low,Medium,Adulto,1.1,Medium,Calm,Medium,False,True,False,Low,High,0
121,256,House,True,True,0-5,False,N/A,Experienced,High,Low,Medium,Adulto,5.1,Medium,Playful,Medium,False,True,True,Medium,Medium,0
121,144,House,True,True,0-5,False,N/A,Experienced,High,Low,Medium,Adulto,5.1,Low,Territorial,Medium,True,True,False,Low,Low,1
121,185,House,True,True,0-5,False,N/A,Experienced,High,Low,Medium,Adulto,1.3,Medium,Independent,Medium,False,True,True,Medium,Low,0
122,221,Apartment,False,False,N/A,False,N/A,Intermediate,Medium,High,Large,Filhote,1.7,Low,Affectionate,High,False,False,True,Low,Medium,1
122,145,Apartment,False,False,N/A,False,N/A,Intermediate,Medium,High,Large,Filhote,13.0,Low,Territorial,Low,True,True,True,Low,Medium,1
122,135,Apartment,False,False,N/A,False,N/A,Intermediate,Medium,High,Large,Filhote,3.5,Medium,Independent,Low,True,False,True,Medium,High,1
122,136,Apartment,False,False,N/A,False,N/A,Intermediate,Medium,High,Large,Filhote,11.2,Medium,Independent,Low,True,False,True,Medium,Medium,1
122,265,Apartment,False,False,N/A,False,N/A,Intermediate,Medium,High,Large,Filhote,3.5,High,Playful,Medium,True,True,False,High,Low,0
123,161,Apartment,False,True,13-17,True,cat,Intermediate,High,Medium,Large,Idoso,4.3,Medium,Affectionate,Low,True,False,True,Medium,Medium,1
123,224,Apartment,False,True,13-17,True,cat,Intermediate,High,Medium,Large,Idoso,11.0,High,Affectionate,Low,True,False,False,High,High,0
123,85,Apartment,False,True,13-17,True,cat,Intermediate,High,Medium,Large,Idoso,11.5,Low,Calm,Medium,True,True,False,Low,High,0
123,162,Apartment,False,True,13-17,True,cat,Intermediate,High,Medium,Large,Idoso,10.7,Medium,Calm,Medium,True,False,False,Low,Medium,1
123,252,Apartment,False,True,13-17,True,cat,Intermediate,High,Medium,Large,Idoso,11.0,Low,Calm,Medium,True,True,True,Low,High,1
124,78,House,False,False,N/A,False,N/A,Experienced,Low,Medium,Small,Adulto,6.5,Medium,Territorial,Medium,True,False,True,Low,High,1
124,285,House,False,False,N/A,False,N/A,Experienced,Low,Medium,Small,Adulto,3.5,Medium,Territorial,Low,False,False,False,Low,Low,1
124,226,House,False,False,N/A,False,N/A,Experienced,Low,Medium,Small,Adulto,4.3,Low,Playful,High,True,True,True,Low,Medium,1
124,28,House,False,False,N/A,False,N/A,Experienced,Low,Medium,Small,Adulto,11.7,Medium,Affectionate,Medium,True,True,False,Medium,Low,1
124,97,House,False,False,N/A,False,N/A,Experienced,Low,Medium,Small,Adulto,7.5,Medium,Independent,High,True,True,True,Medium,Low,1
125,77,House,False,True,0-5,False,N/A,Beginner,Medium,Medium,Medium,Filhote,2.4,High,Independent,Medium,True,True,True,Medium,High,0
125,28,House,False,True,0-5,False,N/A,Beginner,Medium,Medium,Medium,Filhote,11.7,Medium,Affectionate,Medium,True,True,False,Medium,Low,1
125,118,House,False,True,0-5,False,N/A,Beginner,Medium,Medium,Medium,Filhote,2.4,High,Playful,High,True,True,True,High,Low,0
125,94,House,False,True,0-5,False,N/A,Beginner,Medium,Medium,Medium,Filhote,7.6,Low,Playful,Low,True,True,True,Low,Low,1
125,19,House,False,True,0-5,False,N/A,Beginner,Medium,Medium,Medium,Filhote,1.8,High,Territorial,High,True,True,True,Low,Low,0
126,241,House,True,False,N/A,True,dog,Experienced,High,High,Small,Filhote,0.8,Medium,Independent,High,True,True,False,Low,Medium,1
126,134,House,True,False,N/A,True,dog,Experienced,High,High,Small,Filhote,13.0,Medium,Territorial,Medium,False,True,True,Medium,High,1
126,84,House,True,False,N/A,True,dog,Experienced,High,High,Small,Filhote,11.3,Low,Affectionate,Medium,True,True,False,Low,High,1
126,240,House,True,False,N/A,True,dog,Experienced,High,High,Small,Filhote,2.8,Low,Independent,Low,True,True,True,Low,Medium,1
126,224,House,True,False,N/A,True,dog,Experienced,High,High,Small,Filhote,11.0,High,Affectionate,Low,True,False,False,High,High,1
127,60,House,False,True,6-12,True,cat,Intermediate,Low,Low,Large,Idoso,8.3,Medium,Affectionate,Low,True,False,True,Medium,High,0
127,254,House,False,True,6-12,True,cat,Intermediate,Low,Low,Large,Idoso,11.3,Medium,Affectionate,High,True,True,True,Low,Medium,1
127,21,House,False,True,6-12,True,cat,Intermediate,Low,Low,Large,Idoso,5.5,Low,Playful,Medium,True,False,False,Low,Low,1
127,227,House,False,True,6-12,True,cat,Intermediate,Low,Low,Large,Idoso,13.0,Low,Affectionate,High,True,True,False,Low,Low,1
127,183,House,False,True,6-12,True,cat,Intermediate,Low,Low,Large,Idoso,4.8,Low,Independent,Low,True,False,False,Low,Low,1
128,288,House,True,True,6-12,True,dog,Experienced,Medium,Low,Small,Adulto,2.1,Medium,Territorial,Medium,True,True,True,Low,Medium,1
128,249,House,True,True,6-12,True,dog,Experienced,Medium,Low,Small,Adulto,11.0,High,Territorial,High,True,False,False,High,Low,0
128,235,House,True,True,6-12,True,dog,Experienced,Medium,Low,Small,Adulto,2.8,Low,Territorial,Low,True,True,True,Low,High,1
128,253,House,True,True,6-12,True,dog,Experienced,Medium,Low,Small,Adulto,1.2,High,Independent,Medium,True,False,True,High,High,0
128,58,House,True,True,6-12,True,dog,Experienced,Medium,Low,Small,Adulto,8.2,Medium,Independent,High,True,True,False,Low,Low,1
129,76,House,False,False,N/A,False,N/A,Beginner,Low,High,Large,Idoso,3.5,Medium,Playful,High,True,False,True,Low,High,1
129,64,House,False,False,N/A,False,N/A,Beginner,Low,High,Large,Idoso,10.9,Medium,Playful,Low,True,False,True,Medium,High,0
129,179,House,False,False,N/A,False,N/A,Beginner,Low,High,Large,Idoso,8.4,Low,Independent,High,True,True,True,Low,Medium,0
129,48,House,False,False,N/A,False,N/A,Beginner,Low,High,Large,Idoso,5.3,High,Playful,Medium,True,False,True,High,Low,1
129,105,House,False,False,N/A,False,N/A,Beginner,Low,High,Large,Idoso,0.9,High,Territorial,Medium,True,False,True,Low,Medium,1
130,146,House,False,True,13-17,False,N/A,Experienced,Low,High,Large,Adulto,6.2,High,Independent,High,False,True,True,High,Medium,0
130,93,House,False,True,13-17,False,N/A,Experienced,Low,High,Large,Adulto,13.4,High,Playful,Low,True,False,True,Low,Medium,1
130,87,House,False,True,13-17,False,N/A,Experienced,Low,High,Large,Adulto,1.0,Low,Calm,Medium,True,True,True,Low,Low,1
130,261,House,False,True,13-17,False,N/A,Experienced,Low,High,Large,Adulto,13.9,Medium,Independent,Medium,True,True,True,Low,High,1
130,140,House,False,True,13-17,False,N/A,Experienced,Low,High,Large,Adulto,2.7,Medium,Affectionate,High,False,True,True,Medium,High,0
131,289,House,False,True,0-5,True,dog,Intermediate,Low,Medium,Large,Filhote,14.0,High,Calm,Medium,False,True,False,High,Medium,0
131,300,House,False,True,0-5,True,dog,Intermediate,Low,Medium,Large,Filhote,9.7,High,Affectionate,Low,True,False,False,Medium,High,0
131,109,House,False,True,0-5,True,dog,Intermediate,Low,Medium,Large,Filhote,4.1,Low,Independent,High,True,False,True,Low,Low,0
131,299,House,False,True,0-5,True,dog,Intermediate,Low,Medium,Large,Filhote,6.8,Medium,Calm,Medium,False,True,True,Medium,Low,0
131,3,House,False,True,0-5,True,dog,Intermediate,Low,Medium,Large,Filhote,7.9,Low,Calm,Low,False,False,False,Low,Medium,0
132,270,Apartment,False,False,N/A,True,dog,Experienced,High,Low,Medium,Filhote,6.0,High,Independent,Low,True,False,True,Medium,High,0
132,293,Apartment,False,False,N/A,True,dog,Experienced,High,Low,Medium,Filhote,3.5,High,Affectionate,High,True,True,True,Medium,High,1
132,93,Apartment,False,False,N/A,True,dog,Experienced,High,Low,Medium,Filhote,13.4,High,Playful,Low,True,False,True,Low,Medium,0
132,214,Apartment,False,False,N/A,True,dog,Experienced,High,Low,Medium,Filhote,12.5,Medium,Independent,High,True,False,False,Low,High,0
132,40,Apartment,False,False,N/A,True,dog,Experienced,High,Low,Medium,Filhote,10.0,Low,Calm,High,True,False,False,Low,Medium,1
133,127,House,False,True,0-5,False,N/A,Experienced,Medium,Low,Medium,Adulto,6.7,Medium,Independent,High,False,True,False,Medium,Medium,0
133,256,House,False,True,0-5,False,N/A,Experienced,Medium,Low,Medium,Adulto,5.1,Medium,Playful,Medium,False,True,True,Medium,Medium,0
133,49,House,False,True,0-5,False,N/A,Experienced,Medium,Low,Medium,Adulto,7.9,High,Affectionate,Low,True,True,False,Low,Medium,1
133,169,House,False,True,0-5,False,N/A,Experienced,Medium,Low,Medium,Adulto,8.4,Medium,Playful,Low,False,True,True,Medium,High,0
133,14,House,False,True,0-5,False,N/A,Experienced,Medium,Low,Medium,Adulto,2.4,High,Territorial,High,True,False,True,Medium,High,1
134,146,Apartment,False,False,N/A,False,N/A,Intermediate,Medium,Low,Large,Adulto,6.2,High,Independent,High,False,True,True,High,Medium,0
134,63,Apartment,False,False,N/A,False,N/A,Intermediate,Medium,Low,Large,Adulto,2.9,Medium,Playful,High,True,False,True,Medium,High,1
134,202,Apartment,False,False,N/A,False,N/A,Intermediate,Medium,Low,Large,Adulto,6.1,Low,Territorial,Medium,True,True,True,Medium,Low,1
134,192,Apartment,False,False,N/A,False,N/A,Intermediate,Medium,Low,Large,Adulto,11.0,High,Independent,Medium,False,True,True,High,Medium,0
134,55,Apartment,False,False,N/A,False,N/A,Intermediate,Medium,Low,Large,Adulto,2.3,High,Independent,High,True,False,False,High,High,0
135,166,House,True,True,6-12,False,N/A,Intermediate,High,Low,Small,Idoso,7.1,High,Affectionate,High,True,True,False,Low,Low,1
135,79,House,True,True,6-12,False,N/A,Intermediate,High,Low,Small,Idoso,6.3,High,Independent,Medium,True,False,False,High,High,1
135,15,House,True,True,6-12,False,N/A,Intermediate,High,Low,Small,Idoso,1.2,High,Territorial,Low,True,True,True,High,High,1
135,42,House,True,True,6-12,False,N/A,Intermediate,High,Low,Small,Idoso,10.9,High,Independent,High,False,True,False,Low,Low,0
135,236,House,True,True,6-12,False,N/A,Intermediate,High,Low,Small,Idoso,1.3,High,Affectionate,Medium,True,True,False,High,Low,1
136,246,House,False,False,N/A,False,N/A,Intermediate,Low,High,Medium,Idoso,10.6,High,Territorial,High,False,False,False,High,High,1
136,233,House,False,False,N/A,False,N/A,Intermediate,Low,High,Medium,Idoso,6.8,High,Affectionate,High,True,False,True,Low,Low,1
136,138,House,False,False,N/A,False,N/A,Intermediate,Low,High,Medium,Idoso,2.6,High,Independent,Medium,True,True,True,High,Low,1
136,3,House,False,False,N/A,False,N/A,Intermediate,Low,High,Medium,Idoso,7.9,Low,Calm,Low,False,False,False,Low,Medium,1
136,169,House,False,False,N/A,False,N/A,Intermediate,Low,High,Medium,Idoso,8.4,Medium,Playful,Low,False,True,True,Medium,High,0
137,23,Apartment,True,False,N/A,True,cat,Intermediate,High,Medium,Small,Idoso,2.9,High,Territorial,High,False,False,False,High,High,0
137,232,Apartment,True,False,N/A,True,cat,Intermediate,High,Medium,Small,Idoso,5.6,Medium,Territorial,Low,False,True,False,Low,Medium,1
137,167,Apartment,True,False,N/A,True,cat,Intermediate,High,Medium,Small,Idoso,6.8,Low,Calm,High,False,False,False,Low,Low,0
137,292,Apartment,True,False,N/A,True,cat,Intermediate,High,Medium,Small,Idoso,3.8,High,Territorial,Medium,True,False,True,Low,Low,0
137,67,Apartment,True,False,N/A,True,cat,Intermediate,High,Medium,Small,Idoso,6.5,Medium,Calm,High,False,False,False,Medium,Medium,1
138,109,House,False,False,N/A,True,cat,Intermediate,Low,High,Medium,Idoso,4.1,Low,Independent,High,True,False,True,Low,Low,1
138,25,House,False,False,N/A,True,cat,Intermediate,Low,High,Medium,Idoso,3.2,Medium,Affectionate,Medium,False,True,False,Medium,High,0
138,145,House,False,False,N/A,True,cat,Intermediate,Low,High,Medium,Idoso,13.0,Low,Territorial,Low,True,True,True,Low,Medium,1
138,166,House,False,False,N/A,True,cat,Intermediate,Low,High,Medium,Idoso,7.1,High,Affectionate,High,True,True,False,Low,Low,1
138,29,House,False,False,N/A,True,cat,Intermediate,Low,High,Medium,Idoso,4.7,Medium,Playful,Low,True,True,True,Medium,Medium,0
139,37,Apartment,True,False,N/A,False,N/A,Intermediate,Medium,High,Medium,Filhote,11.2,Low,Territorial,Low,True,True,True,Medium,High,1
139,281,Apartment,True,False,N/A,False,N/A,Intermediate,Medium,High,Medium,Filhote,13.5,Low,Territorial,Medium,True,True,True,Low,Low,0
139,196,Apartment,True,False,N/A,False,N/A,Intermediate,Medium,High,Medium,Filhote,8.4,Medium,Independent,Low,False,True,False,Medium,Low,0
139,48,Apartment,True,False,N/A,False,N/A,Intermediate,Medium,High,Medium,Filhote,5.3,High,Playful,Medium,True,False,True,High,Low,0
139,205,Apartment,True,False,N/A,False,N/A,Intermediate,Medium,High,Medium,Filhote,5.6,Medium,Calm,Medium,False,True,True,Medium,Medium,1
140,131,House,False,False,N/A,True,cat,Beginner,Low,Low,Small,Adulto,0.5,High,Calm,High,True,True,True,Medium,Medium,0
140,92,House,False,False,N/A,True,cat,Beginner,Low,Low,Small,Adulto,2.6,High,Calm,High,False,True,False,Medium,High,0
140,123,House,False,False,N/A,True,cat,Beginner,Low,Low,Small,Adulto,8.2,Low,Playful,High,True,True,True,Medium,High,1
140,205,House,False,False,N/A,True,cat,Beginner,Low,Low,Small,Adulto,5.6,Medium,Calm,Medium,False,True,True,Medium,Medium,0
140,46,House,False,False,N/A,True,cat,Beginner,Low,Low,Small,Adulto,7.4,Medium,Territorial,Medium,True,True,True,Medium,Medium,0
141,11,House,True,True,13-17,False,N/A,Intermediate,Medium,Low,Medium,Idoso,7.0,High,Playful,Medium,False,True,True,High,High,0
141,107,House,True,True,13-17,False,N/A,Intermediate,Medium,Low,Medium,Idoso,8.3,Low,Playful,Low,True,False,True,Low,High,1
141,84,House,True,True,13-17,False,N/A,Intermediate,Medium,Low,Medium,Idoso,11.3,Low,Affectionate,Medium,True,True,False,Low,High,1
141,199,House,True,True,13-17,False,N/A,Intermediate,Medium,Low,Medium,Idoso,6.9,High,Independent,Medium,False,False,False,Low,High,0
141,207,House,True,True,13-17,False,N/A,Intermediate,Medium,Low,Medium,Idoso,0.6,Medium,Calm,High,True,True,False,Medium,High,1
142,146,House,False,False,N/A,True,dog,Experienced,High,Medium,Large,Adulto,6.2,High,Independent,High,False,True,True,High,Medium,1
142,79,House,False,False,N/A,True,dog,Experienced,High,Medium,Large,Adulto,6.3,High,Independent,Medium,True,False,False,High,High,0
142,62,House,False,False,N/A,True,dog,Experienced,High,Medium,Large,Adulto,11.7,High,Calm,High,True,True,False,Low,High,1
142,153,House,False,False,N/A,True,dog,Experienced,High,Medium,Large,Adulto,13.3,High,Affectionate,Low,False,False,True,Medium,High,0
142,252,House,False,False,N/A,True,dog,Experienced,High,Medium,Large,Adulto,11.0,Low,Calm,Medium,True,True,True,Low,High,1
143,222,House,False,False,N/A,False,N/A,Beginner,Medium,High,Large,Idoso,10.1,High,Playful,High,False,False,False,Medium,High,1
143,159,House,False,False,N/A,False,N/A,Beginner,Medium,High,Large,Idoso,0.4,High,Independent,High,True,False,False,High,Low,0
143,68,House,False,False,N/A,False,N/A,Beginner,Medium,High,Large,Idoso,4.6,High,Playful,High,False,True,False,Low,High,1
143,184,House,False,False,N/A,False,N/A,Beginner,Medium,High,Large,Idoso,11.1,Medium,Affectionate,Medium,False,False,False,Medium,Medium,1
143,50,House,False,False,N/A,False,N/A,Beginner,Medium,High,Large,Idoso,5.6,High,Independent,Medium,True,False,True,Low,High,1
144,189,Apartment,True,True,6-12,True,dog,Intermediate,Low,Low,Medium,Adulto,9.4,High,Territorial,Low,True,False,False,High,Low,0
144,263,Apartment,True,True,6-12,True,dog,Intermediate,Low,Low,Medium,Adulto,10.9,High,Territorial,Medium,True,False,False,Medium,Medium,0
144,103,Apartment,True,True,6-12,True,dog,Intermediate,Low,Low,Medium,Adulto,4.2,Low,Territorial,Low,False,True,False,Low,High,1
144,251,Apartment,True,True,6-12,True,dog,Intermediate,Low,Low,Medium,Adulto,3.3,Medium,Affectionate,High,False,True,False,Medium,Low,0
144,229,Apartment,True,True,6-12,True,dog,Intermediate,Low,Low,Medium,Adulto,13.4,Low,Affectionate,Medium,True,True,False,Low,Low,1
145,199,House,True,False,N/A,False,N/A,Intermediate,High,High,Small,Idoso,6.9,High,Independent,Medium,False,False,False,Low,High,1
145,244,House,True,False,N/A,False,N/A,Intermediate,High,High,Small,Idoso,12.9,Medium,Independent,Low,True,False,True,Medium,High,1
145,138,House,True,False,N/A,False,N/A,Intermediate,High,High,Small,Idoso,2.6,High,Independent,Medium,True,True,True,High,Low,1
145,289,House,True,False,N/A,False,N/A,Intermediate,High,High,Small,Idoso,14.0,High,Calm,Medium,False,True,False,High,Medium,1
145,217,House,True,False,N/A,False,N/A,Intermediate,High,High,Small,Idoso,1.7,High,Calm,High,False,False,False,Low,Low,1
146,47,Apartment,False,True,0-5,False,N/A,Experienced,Medium,Medium,Large,Adulto,11.4,Medium,Calm,Medium,True,True,False,Medium,Medium,1
146,217,Apartment,False,True,0-5,False,N/A,Experienced,Medium,Medium,Large,Adulto,1.7,High,Calm,High,False,False,False,Low,Low,0
146,189,Apartment,False,True,0-5,False,N/A,Experienced,Medium,Medium,Large,Adulto,9.4,High,Territorial,Low,True,False,False,High,Low,0
146,96,Apartment,False,True,0-5,False,N/A,Experienced,Medium,Medium,Large,Adulto,11.2,Low,Playful,Low,True,True,True,Low,Low,0
146,223,Apartment,False,True,0-5,False,N/A,Experienced,Medium,Medium,Large,Adulto,6.9,High,Affectionate,Low,True,True,True,High,Medium,0
147,219,House,True,True,13-17,False,N/A,Intermediate,Low,Low,Small,Idoso,1.8,Low,Calm,Medium,True,False,True,Medium,High,1
147,48,House,True,True,13-17,False,N/A,Intermediate,Low,Low,Small,Idoso,5.3,High,Playful,Medium,True,False,True,High,Low,0
147,21,House,True,True,13-17,False,N/A,Intermediate,Low,Low,Small,Idoso,5.5,Low,Playful,Medium,True,False,False,Low,Low,1
147,263,House,True,True,13-17,False,N/A,Intermediate,Low,Low,Small,Idoso,10.9,High,Territorial,Medium,True,False,False,Medium,Medium,0
147,175,House,True,True,13-17,False,N/A,Intermediate,Low,Low,Small,Idoso,14.0,Low,Calm,Medium,True,False,True,Low,Medium,1
148,238,House,True,True,0-5,False,N/A,Beginner,Low,Low,Large,Filhote,3.9,Low,Territorial,High,True,True,True,Low,High,1
148,115,House,True,True,0-5,False,N/A,Beginner,Low,Low,Large,Filhote,9.5,Low,Independent,Low,True,True,True,Medium,Medium,0
148,80,House,True,True,0-5,False,N/A,Beginner,Low,Low,Large,Filhote,4.9,Medium,Independent,High,False,True,False,Low,Low,0
148,254,House,True,True,0-5,False,N/A,Beginner,Low,Low,Large,Filhote,11.3,Medium,Affectionate,High,True,True,True,Low,Medium,1
148,270,House,True,True,0-5,False,N/A,Beginner,Low,Low,Large,Filhote,6.0,High,Independent,Low,True,False,True,Medium,High,0
149,269,Apartment,False,False,N/A,False,N/A,Beginner,Low,Low,Small,Adulto,2.9,Medium,Playful,Low,False,False,False,Medium,High,0
149,43,Apartment,False,False,N/A,False,N/A,Beginner,Low,Low,Small,Adulto,2.7,Low,Affectionate,Medium,False,True,True,Low,Low,1
149,149,Apartment,False,False,N/A,False,N/A,Beginner,Low,Low,Small,Adulto,4.6,Low,Calm,Medium,True,False,False,Low,Medium,1
149,240,Apartment,False,False,N/A,False,N/A,Beginner,Low,Low,Small,Adulto,2.8,Low,Independent,Low,True,True,True,Low,Medium,1
149,224,Apartment,False,False,N/A,False,N/A,Beginner,Low,Low,Small,Adulto,11.0,High,Affectionate,Low,True,False,False,High,High,0
150,41,Apartment,False,True,13-17,False,N/A,Experienced,Medium,Low,Large,Adulto,3.8,Low,Affectionate,Medium,True,False,True,Low,Low,1
150,245,Apartment,False,True,13-17,False,N/A,Experienced,Medium,Low,Large,Adulto,12.9,Low,Affectionate,Medium,True,True,True,Medium,Low,1
150,154,Apartment,False,True,13-17,False,N/A,Experienced,Medium,Low,Large,Adulto,8.9,Low,Calm,Medium,True,True,False,Medium,High,1
150,77,Apartment,False,True,13-17,False,N/A,Experienced,Medium,Low,Large,Adulto,2.4,High,Independent,Medium,True,True,True,Medium,High,1
150,66,Apartment,False,True,13-17,False,N/A,Experienced,Medium,Low,Large,Adulto,1.1,Medium,Calm,Medium,False,True,False,Low,High,0
