id,name,species,age,size,type,breed,gender,location,energy_level,temperament,sociability,children_compatibility,dogs_compatibility,cats_compatibility,exercise_need,special_needs,vaccinated,neutered,trained,apartment_adaptability,description
1,Pet1,Dog,4.1,Small,Canine,Vira-lata,Male,"São Paulo, SP",High,Territorial,Low,True,True,True,High,False,True,True,False,High,"Dog de porte small, temperamento territorial."
2,Pet2,Cat,8.4,Small,Feline,SRD,Male,"Belo Horizonte, MG",Low,Independent,Medium,True,False,True,Medium,True,True,False,False,Low,"Cat de porte small, temperamento affectionate."
3,Pet3,Dog,7.9,Medium,Canine,Border Collie,Female,"Rio de Janeiro, RJ",Low,Calm,Low,False,False,False,Low,False,False,True,False,Medium,"Dog de porte medium, temperamento playful."
4,Pet4,Cat,9.5,Small,Feline,SRD,Male,"Rio de Janeiro, RJ",Medium,Playful,Medium,True,False,False,Low,False,True,False,False,Low,"Cat de porte small, temperamento calm."
5,Pet5,Cat,1.2,Small,Feline,Angorá,Female,"Rio de Janeiro, RJ",Medium,Affectionate,Medium,False,False,True,Medium,False,True,True,False,Medium,"Cat de porte small, temperamento territorial."
6,Pet6,Cat,14.0,Small,Feline,Siamês,Female,"São Paulo, SP",Medium,Calm,Low,True,True,False,Low,False,True,True,False,Medium,"Cat de porte small, temperamento territorial."
7,Pet7,Dog,1.9,Large,Canine,Shih Tzu,Female,"Curitiba, PR",High,Calm,Medium,True,True,False,High,False,True,True,True,Low,"Dog de porte large, temperamento independent."
8,Pet8,Dog,10.7,Small,Canine,Shih Tzu,Male,"Curitiba, PR",Medium,Affectionate,Low,True,True,False,Medium,False,True,True,False,Low,"Dog de porte small, temperamento calm."
9,Pet9,Cat,2.1,Small,Feline,Maine Coon,Male,"Curitiba, PR",Low,Territorial,High,True,True,True,Low,False,True,True,False,High,"Cat de porte small, temperamento independent."
10,Pet10,Cat,2.0,Small,Feline,Siamês,Male,"Curitiba, PR",High,Calm,High,True,True,True,Medium,False,True,True,True,Medium,"Cat de porte small, temperamento calm."
11,Pet11,Dog,7.0,Medium,Canine,Shih Tzu,Male,"Belo Horizonte, MG",High,Playful,Medium,False,True,True,High,False,True,True,False,High,"Dog de porte medium, temperamento calm."
12,Pet12,Dog,4.9,Medium,Canine,Labrador,Male,"Rio de Janeiro, RJ",High,Playful,High,True,True,True,High,False,False,True,False,High,"Dog de porte medium, temperamento calm."
13,Pet13,Dog,11.8,Large,Canine,Labrador,Male,"Rio de Janeiro, RJ",High,Affectionate,Medium,True,False,False,High,False,True,True,False,Medium,"Dog de porte large, temperamento independent."
14,Pet14,Cat,2.4,Small,Feline,Persa,Male,"São Paulo, SP",High,Territorial,High,True,False,True,Medium,False,True,False,True,High,"Cat de porte small, temperamento calm."
15,Pet15,Dog,1.2,Small,Canine,Vira-lata,Female,"São Paulo, SP",High,Territorial,Low,True,True,True,High,False,True,True,True,High,"Dog de porte small, temperamento independent."
16,Pet16,Dog,2.1,Medium,Canine,Border Collie,Female,"Belo Horizonte, MG",Medium,Independent,Low,True,False,False,Medium,True,True,True,True,Medium,"Dog de porte medium, temperamento calm."
17,Pet17,Dog,2.5,Medium,Canine,Shih Tzu,Female,"São Paulo, SP",Medium,Territorial,Medium,False,True,False,Medium,False,False,False,True,Medium,"Dog de porte medium, temperamento territorial."
18,Pet18,Dog,3.1,Large,Canine,Border Collie,Female,"Belo Horizonte, MG",Medium,Independent,Low,True,True,True,Medium,True,True,True,True,High,"Dog de porte large, temperamento affectionate."
19,Pet19,Cat,1.8,Small,Feline,Siamês,Male,"Curitiba, PR",High,Territorial,High,True,True,True,Low,False,True,False,False,Low,"Cat de porte small, temperamento playful."
20,Pet20,Dog,12.4,Medium,Canine,Bulldog,Male,"Rio de Janeiro, RJ",High,Playful,Low,False,True,False,High,False,False,False,False,Low,"Dog de porte medium, temperamento independent."
21,Pet21,Dog,5.5,Large,Canine,Labrador,Female,"Rio de Janeiro, RJ",Low,Playful,Medium,True,False,False,Low,False,True,True,True,Low,"Dog de porte large, temperamento independent."
22,Pet22,Cat,9.6,Small,Feline,Angorá,Female,"São Paulo, SP",High,Calm,Medium,True,False,True,Medium,False,True,False,True,High,"Cat de porte small, temperamento territorial."
23,Pet23,Dog,2.9,Medium,Canine,Labrador,Female,"São Paulo, SP",High,Territorial,High,False,False,False,High,False,True,False,False,High,"Dog de porte medium, temperamento independent."
24,Pet24,Dog,7.2,Large,Canine,Border Collie,Female,"Curitiba, PR",Medium,Affectionate,High,True,True,True,Medium,False,True,False,False,Medium,"Dog de porte large, temperamento affectionate."
25,Pet25,Dog,3.2,Medium,Canine,Shih Tzu,Female,"Belo Horizonte, MG",Medium,Affectionate,Medium,False,True,False,Medium,False,True,True,True,High,"Dog de porte medium, temperamento territorial."
26,Pet26,Cat,9.5,Small,Feline,Siamês,Male,"Rio de Janeiro, RJ",Low,Calm,Low,True,True,False,Low,True,True,True,True,High,"Cat de porte small, temperamento affectionate."
27,Pet27,Cat,2.3,Small,Feline,SRD,Male,"Belo Horizonte, MG",Medium,Playful,Low,False,False,True,Low,False,False,True,True,Medium,"Cat de porte small, temperamento territorial."
28,Pet28,Cat,11.7,Small,Feline,Angorá,Female,"Rio de Janeiro, RJ",Medium,Affectionate,Medium,True,True,False,Medium,False,True,True,True,Low,"Cat de porte small, temperamento independent."
29,Pet29,Dog,4.7,Medium,Canine,Shih Tzu,Male,"Rio de Janeiro, RJ",Medium,Playful,Low,True,True,True,Medium,False,True,True,True,Medium,"Dog de porte medium, temperamento affectionate."
30,Pet30,Dog,6.8,Large,Canine,Poodle,Female,"Belo Horizonte, MG",Medium,Affectionate,High,False,True,False,Medium,False,True,True,True,Medium,"Dog de porte large, temperamento affectionate."
31,Pet31,Dog,13.7,Medium,Canine,Shih Tzu,Male,"Belo Horizonte, MG",Low,Territorial,High,False,True,True,Low,False,True,True,True,Medium,"Dog de porte medium, temperamento independent."
32,Pet32,Cat,10.6,Small,Feline,Maine Coon,Female,"São Paulo, SP",Medium,Affectionate,Low,False,True,False,Medium,False,True,False,True,Low,"Cat de porte small, temperamento playful."
33,Pet33,Dog,2.4,Small,Canine,Vira-lata,Female,"São Paulo, SP",High,Territorial,Low,True,True,True,High,False,False,False,False,Low,"Dog de porte small, temperamento independent."
34,Pet34,Dog,13.0,Large,Canine,Shih Tzu,Female,"Belo Horizonte, MG",Low,Playful,Low,True,False,True,Low,False,True,True,False,High,"Dog de porte large, temperamento calm."
35,Pet35,Cat,9.4,Small,Feline,SRD,Female,"São Paulo, SP",High,Affectionate,Medium,True,False,False,Medium,False,True,True,False,High,"Cat de porte small, temperamento independent."
36,Pet36,Cat,11.6,Small,Feline,Angorá,Female,"Curitiba, PR",Medium,Playful,Low,True,True,False,Medium,False,True,True,False,Medium,"Cat de porte small, temperamento playful."
37,Pet37,Cat,11.2,Small,Feline,Persa,Female,"Curitiba, PR",Low,Territorial,Low,True,True,True,Medium,False,True,True,False,High,"Cat de porte small, temperamento affectionate."
38,Pet38,Cat,4.3,Small,Feline,Maine Coon,Male,"Curitiba, PR",Low,Territorial,Medium,True,True,True,Low,False,True,False,True,Medium,"Cat de porte small, temperamento playful."
39,Pet39,Dog,4.6,Large,Canine,Border Collie,Male,"Rio de Janeiro, RJ",Low,Playful,High,True,False,False,Low,False,True,True,True,Low,"Dog de porte large, temperamento independent."
40,Pet40,Dog,10.0,Medium,Canine,Vira-lata,Female,"São Paulo, SP",Low,Calm,High,True,False,False,Low,False,True,True,True,Medium,"Dog de porte medium, temperamento affectionate."
41,Pet41,Cat,3.8,Small,Feline,Maine Coon,Male,"São Paulo, SP",Low,Affectionate,Medium,True,False,True,Low,False,True,True,False,Low,"Cat de porte small, temperamento territorial."
42,Pet42,Cat,10.9,Small,Feline,Maine Coon,Female,"Belo Horizonte, MG",High,Independent,High,False,True,False,Low,False,True,False,True,Low,"Cat de porte small, temperamento independent."
43,Pet43,Dog,2.7,Small,Canine,Labrador,Male,"São Paulo, SP",Low,Affectionate,Medium,False,True,True,Low,False,True,False,True,Low,"Dog de porte small, temperamento independent."
44,Pet44,Dog,7.8,Medium,Canine,Border Collie,Male,"Curitiba, PR",Low,Playful,Low,True,False,False,Low,False,False,True,False,Medium,"Dog de porte medium, temperamento affectionate."
45,Pet45,Cat,6.3,Small,Feline,Angorá,Male,"Belo Horizonte, MG",High,Independent,High,True,True,False,Medium,False,True,False,False,High,"Cat de porte small, temperamento independent."
46,Pet46,Dog,7.4,Small,Canine,Bulldog,Female,"Rio de Janeiro, RJ",Medium,Territorial,Medium,True,True,True,Medium,False,True,True,False,Medium,"Dog de porte small, temperamento affectionate."
47,Pet47,Cat,11.4,Small,Feline,Angorá,Male,"Belo Horizonte, MG",Medium,Calm,Medium,True,True,False,Medium,False,True,True,False,Medium,"Cat de porte small, temperamento affectionate."
48,Pet48,Dog,5.3,Small,Canine,Bulldog,Female,"São Paulo, SP",High,Playful,Medium,True,False,True,High,False,True,False,False,Low,"Dog de porte small, temperamento playful."
49,Pet49,Cat,7.9,Small,Feline,SRD,Male,"São Paulo, SP",High,Affectionate,Low,True,True,False,Low,False,True,True,False,Medium,"Cat de porte small, temperamento playful."
50,Pet50,Cat,5.6,Small,Feline,Angorá,Male,"São Paulo, SP",High,Independent,Medium,True,False,True,Low,True,True,False,False,High,"Cat de porte small, temperamento affectionate."
51,Pet51,Dog,6.9,Medium,Canine,Poodle,Female,"Belo Horizonte, MG",High,Independent,Low,False,True,True,High,False,True,True,False,Medium,"Dog de porte medium, temperamento affectionate."
52,Pet52,Dog,2.0,Medium,Canine,Shih Tzu,Female,"São Paulo, SP",Low,Affectionate,Low,True,True,False,Low,False,True,True,False,Medium,"Dog de porte medium, temperamento independent."
53,Pet53,Cat,12.0,Small,Feline,Angorá,Female,"Curitiba, PR",High,Affectionate,High,True,True,False,Low,False,False,False,False,Low,"Cat de porte small, temperamento calm."
54,Pet54,Cat,12.7,Small,Feline,SRD,Female,"São Paulo, SP",Low,Independent,Medium,True,True,True,Medium,False,True,True,True,Medium,"Cat de porte small, temperamento territorial."
55,Pet55,Dog,2.3,Medium,Canine,Bulldog,Female,"Belo Horizonte, MG",High,Independent,High,True,False,False,High,False,True,True,True,High,"Dog de porte medium, temperamento independent."
56,Pet56,Cat,6.6,Small,Feline,Persa,Male,"Belo Horizonte, MG",High,Affectionate,Low,True,True,False,Medium,False,True,False,False,Medium,"Cat de porte small, temperamento calm."
57,Pet57,Dog,7.1,Large,Canine,Poodle,Male,"Curitiba, PR",High,Playful,High,True,True,False,High,False,True,True,True,High,"Dog de porte large, temperamento calm."
58,Pet58,Cat,8.2,Small,Feline,Siamês,Male,"Curitiba, PR",Medium,Independent,High,True,True,False,Low,False,True,True,True,Low,"Cat de porte small, temperamento independent."
59,Pet59,Cat,11.3,Small,Feline,Maine Coon,Male,"Rio de Janeiro, RJ",Medium,Playful,High,False,False,False,Medium,False,True,False,True,High,"Cat de porte small, temperamento calm."
60,Pet60,Cat,8.3,Small,Feline,Persa,Male,"Rio de Janeiro, RJ",Medium,Affectionate,Low,True,False,True,Medium,False,True,True,False,High,"Cat de porte small, temperamento independent."
61,Pet61,Cat,0.9,Small,Feline,SRD,Female,"Belo Horizonte, MG",Low,Calm,Low,True,True,True,Low,False,False,True,False,High,"Cat de porte small, temperamento playful."
62,Pet62,Cat,11.7,Small,Feline,Angorá,Female,"Curitiba, PR",High,Calm,High,True,True,False,Low,False,True,True,False,High,"Cat de porte small, temperamento independent."
63,Pet63,Dog,2.9,Medium,Canine,Labrador,Female,"São Paulo, SP",Medium,Playful,High,True,False,True,Medium,False,False,False,True,High,"Dog de porte medium, temperamento playful."
64,Pet64,Dog,10.9,Small,Canine,Shih Tzu,Male,"Curitiba, PR",Medium,Playful,Low,True,False,True,Medium,False,True,True,False,High,"Dog de porte small, temperamento independent."
65,Pet65,Dog,1.0,Small,Canine,Border Collie,Female,"São Paulo, SP",Medium,Calm,Medium,True,True,False,Medium,False,True,True,False,High,"Dog de porte small, temperamento territorial."
66,Pet66,Cat,1.1,Small,Feline,Maine Coon,Female,"Belo Horizonte, MG",Medium,Calm,Medium,False,True,False,Low,False,True,True,False,High,"Cat de porte small, temperamento territorial."
67,Pet67,Cat,6.5,Small,Feline,Angorá,Female,"São Paulo, SP",Medium,Calm,High,False,False,False,Medium,False,True,True,True,Medium,"Cat de porte small, temperamento affectionate."
68,Pet68,Cat,4.6,Small,Feline,Persa,Female,"Curitiba, PR",High,Playful,High,False,True,False,Low,True,True,False,False,High,"Cat de porte small, temperamento calm."
69,Pet69,Cat,5.9,Small,Feline,Maine Coon,Male,"Curitiba, PR",High,Territorial,Medium,True,True,True,Low,False,True,True,False,Medium,"Cat de porte small, temperamento calm."
70,Pet70,Cat,11.4,Small,Feline,Angorá,Male,"Curitiba, PR",High,Calm,Low,True,False,False,Low,False,True,True,False,Low,"Cat de porte small, temperamento playful."
71,Pet71,Dog,7.6,Small,Canine,Bulldog,Female,"Belo Horizonte, MG",High,Independent,Low,True,False,False,High,False,True,True,True,High,"Dog de porte small, temperamento calm."
72,Pet72,Dog,9.4,Medium,Canine,Bulldog,Female,"Belo Horizonte, MG",Medium,Independent,Low,False,True,True,Medium,False,True,True,False,Low,"Dog de porte medium, temperamento playful."
73,Pet73,Cat,0.4,Small,Feline,Persa,Male,"Rio de Janeiro, RJ",High,Independent,Medium,True,True,False,Low,False,True,False,False,High,"Cat de porte small, temperamento independent."
74,Pet74,Dog,0.9,Medium,Canine,Labrador,Female,"São Paulo, SP",High,Independent,High,True,True,False,High,False,True,False,True,High,"Dog de porte medium, temperamento affectionate."
75,Pet75,Cat,11.9,Small,Feline,Siamês,Female,"Belo Horizonte, MG",Low,Territorial,Low,True,True,True,Medium,False,True,True,True,High,"Cat de porte small, temperamento playful."
76,Pet76,Cat,3.5,Small,Feline,Siamês,Female,"Rio de Janeiro, RJ",Medium,Playful,High,True,False,True,Low,False,True,True,False,High,"Cat de porte small, temperamento affectionate."
77,Pet77,Cat,2.4,Small,Feline,SRD,Female,"Belo Horizonte, MG",High,Independent,Medium,True,True,True,Medium,False,True,True,True,High,"Cat de porte small, temperamento calm."
78,Pet78,Cat,6.5,Small,Feline,Angorá,Male,"Curitiba, PR",Medium,Territorial,Medium,True,False,True,Low,False,True,False,True,High,"Cat de porte small, temperamento playful."
79,Pet79,Dog,6.3,Small,Canine,Bulldog,Male,"Curitiba, PR",High,Independent,Medium,True,False,False,High,True,True,True,True,High,"Dog de porte small, temperamento affectionate."
80,Pet80,Cat,4.9,Small,Feline,Angorá,Male,"Curitiba, PR",Medium,Independent,High,False,True,False,Low,False,True,True,False,Low,"Cat de porte small, temperamento territorial."
81,Pet81,Dog,6.1,Large,Canine,Poodle,Male,"Curitiba, PR",High,Independent,Low,False,True,False,High,False,False,True,True,Low,"Dog de porte large, temperamento territorial."
82,Pet82,Dog,12.3,Large,Canine,Shih Tzu,Male,"Belo Horizonte, MG",Medium,Playful,Low,True,False,False,Medium,False,True,True,True,High,"Dog de porte large, temperamento playful."
83,Pet83,Cat,10.6,Small,Feline,Maine Coon,Male,"Rio de Janeiro, RJ",High,Independent,Medium,False,True,False,Medium,False,True,False,False,High,"Cat de porte small, temperamento territorial."
84,Pet84,Cat,11.3,Small,Feline,Siamês,Female,"São Paulo, SP",Low,Affectionate,Medium,True,True,False,Low,False,True,False,True,High,"Cat de porte small, temperamento playful."
85,Pet85,Cat,11.5,Small,Feline,Persa,Male,"Belo Horizonte, MG",Low,Calm,Medium,True,True,False,Low,False,True,False,False,High,"Cat de porte small, temperamento independent."
86,Pet86,Dog,4.2,Small,Canine,Bulldog,Male,"Belo Horizonte, MG",Low,Affectionate,High,True,True,True,Low,False,True,False,False,Low,"Dog de porte small, temperamento independent."
87,Pet87,Dog,1.0,Medium,Canine,Bulldog,Female,"São Paulo, SP",Low,Calm,Medium,True,True,True,Low,False,True,True,False,Low,"Dog de porte medium, temperamento territorial."
88,Pet88,Cat,7.5,Small,Feline,Persa,Male,"São Paulo, SP",Low,Affectionate,Medium,True,True,True,Low,False,True,True,True,High,"Cat de porte small, temperamento calm."
89,Pet89,Cat,5.1,Small,Feline,Persa,Male,"Belo Horizonte, MG",Low,Affectionate,High,True,True,False,Low,False,True,True,False,Low,"Cat de porte small, temperamento independent."
90,Pet90,Cat,13.9,Small,Feline,Angorá,Female,"Curitiba, PR",High,Calm,High,True,True,False,Medium,False,True,True,True,Medium,"Cat de porte small, temperamento affectionate."
91,Pet91,Cat,7.1,Small,Feline,Maine Coon,Female,"Curitiba, PR",Medium,Calm,High,True,True,False,Low,False,True,True,True,Medium,"Cat de porte small, temperamento independent."
92,Pet92,Cat,2.6,Small,Feline,Maine Coon,Female,"Belo Horizonte, MG",High,Calm,High,False,True,False,Medium,False,False,False,True,High,"Cat de porte small, temperamento affectionate."
93,Pet93,Cat,13.4,Small,Feline,Siamês,Female,"São Paulo, SP",High,Playful,Low,True,False,True,Low,False,True,True,False,Medium,"Cat de porte small, temperamento independent."
94,Pet94,Cat,7.6,Small,Feline,Maine Coon,Female,"Curitiba, PR",Low,Playful,Low,True,True,True,Low,False,True,False,False,Low,"Cat de porte small, temperamento territorial."
95,Pet95,Cat,3.0,Small,Feline,Siamês,Male,"Belo Horizonte, MG",High,Playful,High,True,True,False,Medium,False,True,True,True,High,"Cat de porte small, temperamento independent."
96,Pet96,Cat,11.2,Small,Feline,Angorá,Male,"São Paulo, SP",Low,Playful,Low,True,True,True,Low,False,True,False,True,Low,"Cat de porte small, temperamento calm."
97,Pet97,Cat,7.5,Small,Feline,Maine Coon,Male,"Rio de Janeiro, RJ",Medium,Independent,High,True,True,True,Medium,False,True,True,False,Low,"Cat de porte small, temperamento affectionate."
98,Pet98,Dog,2.4,Small,Canine,Vira-lata,Male,"Curitiba, PR",High,Playful,Medium,False,True,True,High,True,True,False,True,High,"Dog de porte small, temperamento independent."
99,Pet99,Dog,2.6,Large,Canine,Shih Tzu,Male,"Rio de Janeiro, RJ",High,Territorial,High,False,True,False,High,True,False,True,False,High,"Dog de porte large, temperamento independent."
100,Pet100,Dog,8.8,Large,Canine,Labrador,Female,"Curitiba, PR",Medium,Independent,Medium,True,False,True,Medium,False,True,True,False,Medium,"Dog de porte large, temperamento playful."
101,Pet101,Cat,4.6,Small,Feline,Persa,Female,"Belo Horizonte, MG",High,Playful,Medium,True,True,True,Low,False,True,True,True,Medium,"Cat de porte small, temperamento territorial."
102,Pet102,Cat,11.4,Small,Feline,Angorá,Female,"Rio de Janeiro, RJ",Low,Playful,Medium,False,True,False,Low,False,True,True,False,Low,"Cat de porte small, temperamento playful."
103,Pet103,Cat,4.2,Small,Feline,Angorá,Female,"Curitiba, PR",Low,Territorial,Low,False,True,False,Low,False,True,True,False,High,"Cat de porte small, temperamento territorial."
104,Pet104,Dog,4.3,Medium,Canine,Bulldog,Female,"Curitiba, PR",High,Territorial,High,True,True,True,High,False,False,True,True,Low,"Dog de porte medium, temperamento playful."
105,Pet105,Cat,0.9,Small,Feline,Siamês,Female,"Belo Horizonte, MG",High,Territorial,Medium,True,False,True,Low,False,True,True,False,Medium,"Cat de porte small, temperamento territorial."
106,Pet106,Cat,10.0,Small,Feline,Persa,Female,"São Paulo, SP",High,Independent,Medium,False,False,False,Medium,False,True,True,True,Medium,"Cat de porte small, temperamento independent."
107,Pet107,Dog,8.3,Large,Canine,Vira-lata,Female,"Rio de Janeiro, RJ",Low,Playful,Low,True,False,True,Low,False,True,True,True,High,"Dog de porte large, temperamento territorial."
108,Pet108,Cat,10.0,Small,Feline,Angorá,Male,"Curitiba, PR",High,Affectionate,High,True,False,True,Low,False,True,True,False,High,"Cat de porte small, temperamento independent."
109,Pet109,Cat,4.1,Small,Feline,Persa,Male,"Curitiba, PR",Low,Independent,High,True,False,True,Low,False,False,False,True,Low,"Cat de porte small, temperamento territorial."
110,Pet110,Cat,13.4,Small,Feline,Siamês,Female,"São Paulo, SP",Medium,Independent,High,True,False,False,Medium,False,True,False,True,High,"Cat de porte small, temperamento independent."
111,Pet111,Dog,10.5,Small,Canine,Vira-lata,Male,"São Paulo, SP",High,Territorial,Low,True,True,True,High,False,True,False,True,High,"Dog de porte small, temperamento playful."
112,Pet112,Cat,6.8,Small,Feline,Siamês,Female,"Curitiba, PR",High,Independent,High,True,False,False,Medium,False,True,False,True,Low,"Cat de porte small, temperamento affectionate."
113,Pet113,Dog,11.1,Small,Canine,Vira-lata,Female,"São Paulo, SP",Medium,Calm,Medium,True,True,False,Medium,False,False,True,False,Low,"Dog de porte small, temperamento territorial."
114,Pet114,Cat,11.4,Small,Feline,Persa,Male,"Belo Horizonte, MG",Medium,Independent,High,True,False,False,Low,False,True,True,False,Medium,"Cat de porte small, temperamento affectionate."
115,Pet115,Cat,9.5,Small,Feline,Siamês,Male,"Belo Horizonte, MG",Low,Independent,Low,True,True,True,Medium,False,True,True,False,Medium,"Cat de porte small, temperamento independent."
116,Pet116,Dog,1.9,Small,Canine,Poodle,Male,"Belo Horizonte, MG",High,Territorial,High,False,False,False,High,False,True,True,False,Medium,"Dog de porte small, temperamento playful."
117,Pet117,Cat,6.0,Small,Feline,Angorá,Female,"Rio de Janeiro, RJ",High,Playful,High,False,False,True,Medium,False,True,True,False,Low,"Cat de porte small, temperamento territorial."
118,Pet118,Dog,2.4,Large,Canine,Poodle,Female,"São Paulo, SP",High,Playful,High,True,True,True,High,False,True,True,False,Low,"Dog de porte large, temperamento territorial."
119,Pet119,Cat,10.2,Small,Feline,Maine Coon,Female,"São Paulo, SP",High,Playful,High,True,True,False,Medium,False,True,False,False,Medium,"Cat de porte small, temperamento calm."
120,Pet120,Cat,10.8,Small,Feline,Maine Coon,Female,"Belo Horizonte, MG",Medium,Affectionate,Medium,True,False,False,Low,False,True,True,True,High,"Cat de porte small, temperamento affectionate."
121,Pet121,Dog,11.7,Large,Canine,Labrador,Female,"Belo Horizonte, MG",Low,Territorial,Medium,True,False,True,Low,False,True,False,False,Low,"Dog de porte large, temperamento calm."
122,Pet122,Cat,3.6,Small,Feline,SRD,Male,"São Paulo, SP",High,Affectionate,High,False,False,True,Low,True,True,True,False,Low,"Cat de porte small, temperamento playful."
123,Pet123,Cat,8.2,Small,Feline,Persa,Male,"Curitiba, PR",Low,Playful,High,True,True,True,Medium,False,True,False,True,High,"Cat de porte small, temperamento affectionate."
124,Pet124,Cat,13.2,Small,Feline,Maine Coon,Female,"Belo Horizonte, MG",Low,Affectionate,Low,True,True,True,Medium,False,True,False,True,Medium,"Cat de porte small, temperamento calm."
125,Pet125,Cat,5.6,Small,Feline,Persa,Male,"Curitiba, PR",Medium,Calm,Medium,False,True,False,Low,False,True,True,False,Low,"Cat de porte small, temperamento playful."
126,Pet126,Dog,12.2,Medium,Canine,Poodle,Female,"São Paulo, SP",Low,Playful,Low,False,True,False,Low,False,True,True,True,Low,"Dog de porte medium, temperamento territorial."
127,Pet127,Cat,6.7,Small,Feline,Persa,Female,"Curitiba, PR",Medium,Independent,High,False,True,False,Medium,False,True,True,True,Medium,"Cat de porte small, temperamento affectionate."
128,Pet128,Dog,10.5,Large,Canine,Labrador,Female,"Belo Horizonte, MG",Low,Independent,Low,True,True,False,Low,False,True,False,True,Medium,"Dog de porte large, temperamento affectionate."
129,Pet129,Cat,2.6,Small,Feline,Angorá,Female,"Rio de Janeiro, RJ",Low,Territorial,High,False,True,False,Medium,True,True,True,True,Low,"Cat de porte small, temperamento playful."
130,Pet130,Dog,0.4,Large,Canine,Shih Tzu,Female,"Curitiba, PR",Low,Calm,High,True,False,False,Low,False,True,True,False,Low,"Dog de porte large, temperamento territorial."
131,Pet131,Cat,0.5,Small,Feline,Maine Coon,Male,"São Paulo, SP",High,Calm,High,True,True,True,Medium,False,True,True,True,Medium,"Cat de porte small, temperamento affectionate."
132,Pet132,Dog,4.4,Large,Canine,Labrador,Male,"São Paulo, SP",Low,Affectionate,Medium,True,True,False,Low,False,True,False,False,Medium,"Dog de porte large, temperamento territorial."
133,Pet133,Dog,3.4,Large,Canine,Border Collie,Female,"Curitiba, PR",Low,Calm,Low,False,True,True,Low,False,True,False,True,Low,"Dog de porte large, temperamento territorial."
134,Pet134,Dog,13.0,Large,Canine,Poodle,Male,"Rio de Janeiro, RJ",Medium,Territorial,Medium,False,True,True,Medium,False,True,True,True,High,"Dog de porte large, temperamento independent."
135,Pet135,Dog,3.5,Small,Canine,Labrador,Female,"Belo Horizonte, MG",Medium,Independent,Low,True,False,True,Medium,False,True,True,True,High,"Dog de porte small, temperamento affectionate."
136,Pet136,Dog,11.2,Large,Canine,Border Collie,Male,"São Paulo, SP",Medium,Independent,Low,True,False,True,Medium,False,True,True,False,Medium,"Dog de porte large, temperamento independent."
137,Pet137,Cat,1.5,Small,Feline,Maine Coon,Female,"Belo Horizonte, MG",Low,Calm,Low,True,True,False,Low,False,False,True,False,Low,"Cat de porte small, temperamento territorial."
138,Pet138,Dog,2.6,Large,Canine,Bulldog,Male,"Rio de Janeiro, RJ",High,Independent,Medium,True,True,True,High,False,True,False,True,Low,"Dog de porte large, temperamento affectionate."
139,Pet139,Dog,2.2,Medium,Canine,Labrador,Female,"Curitiba, PR",Low,Territorial,Medium,False,True,True,Low,False,False,False,True,Medium,"Dog de porte medium, temperamento territorial."
140,Pet140,Dog,2.7,Medium,Canine,Bulldog,Female,"Curitiba, PR",Medium,Affectionate,High,False,True,True,Medium,False,True,False,True,High,"Dog de porte medium, temperamento playful."
141,Pet141,Dog,13.2,Large,Canine,Vira-lata,Female,"Curitiba, PR",Medium,Calm,Medium,False,True,True,Medium,False,True,True,True,Medium,"Dog de porte large, temperamento territorial."
142,Pet142,Cat,7.6,Small,Feline,Maine Coon,Male,"Curitiba, PR",High,Territorial,High,True,True,False,Medium,False,True,True,True,High,"Cat de porte small, temperamento affectionate."
143,Pet143,Cat,0.4,Small,Feline,Persa,Male,"Rio de Janeiro, RJ",Medium,Affectionate,Medium,True,False,False,Low,False,True,True,True,Medium,"Cat de porte small, temperamento calm."
144,Pet144,Dog,5.1,Large,Canine,Poodle,Female,"Rio de Janeiro, RJ",Low,Territorial,Medium,True,True,False,Low,False,True,True,False,Low,"Dog de porte large, temperamento independent."
145,Pet145,Dog,13.0,Large,Canine,Border Collie,Male,"Rio de Janeiro, RJ",Low,Territorial,Low,True,True,True,Low,False,True,True,False,Medium,"Dog de porte large, temperamento calm."
146,Pet146,Dog,6.2,Medium,Canine,Labrador,Male,"Rio de Janeiro, RJ",High,Independent,High,False,True,True,High,False,True,True,False,Medium,"Dog de porte medium, temperamento affectionate."
147,Pet147,Cat,8.7,Small,Feline,Angorá,Male,"Curitiba, PR",High,Independent,Medium,True,False,False,Medium,False,True,True,True,Low,"Cat de porte small, temperamento playful."
148,Pet148,Cat,5.4,Small,Feline,Siamês,Female,"Belo Horizonte, MG",Low,Territorial,Low,True,True,True,Low,False,False,False,True,Low,"Cat de porte small, temperamento affectionate."
149,Pet149,Cat,4.6,Small,Feline,Maine Coon,Male,"Curitiba, PR",Low,Calm,Medium,True,False,False,Low,False,True,True,False,Medium,"Cat de porte small, temperamento affectionate."
150,Pet150,Dog,0.7,Small,Canine,Vira-lata,Female,"São Paulo, SP",High,Independent,Low,True,True,True,High,False,True,True,True,Low,"Dog de porte small, temperamento independent."
151,Pet151,Cat,10.7,Small,Feline,Maine Coon,Male,"Belo Horizonte, MG",High,Calm,High,False,False,True,Low,False,True,True,False,Medium,"Cat de porte small, temperamento calm."
152,Pet152,Dog,8.4,Small,Canine,Poodle,Female,"Rio de Janeiro, RJ",High,Territorial,Low,False,False,False,High,False,True,True,True,High,"Dog de porte small, temperamento independent."
153,Pet153,Cat,13.3,Small,Feline,Angorá,Male,"Rio de Janeiro, RJ",High,Affectionate,Low,False,False,True,Medium,False,True,False,False,High,"Cat de porte small, temperamento affectionate."
154,Pet154,Cat,8.9,Small,Feline,Maine Coon,Female,"São Paulo, SP",Low,Calm,Medium,True,True,False,Medium,False,False,True,True,High,"Cat de porte small, temperamento calm."
155,Pet155,Cat,11.9,Small,Feline,Angorá,Female,"Rio de Janeiro, RJ",High,Affectionate,Low,True,True,True,Medium,False,True,False,False,High,"Cat de porte small, temperamento calm."
156,Pet156,Dog,11.0,Small,Canine,Bulldog,Male,"São Paulo, SP",High,Playful,Medium,True,False,True,High,False,False,False,True,Medium,"Dog de porte small, temperamento calm."
157,Pet157,Cat,5.4,Small,Feline,Siamês,Male,"Belo Horizonte, MG",Medium,Independent,High,False,True,False,Low,False,True,True,True,Low,"Cat de porte small, temperamento territorial."
158,Pet158,Cat,9.8,Small,Feline,SRD,Female,"Rio de Janeiro, RJ",Low,Affectionate,Low,True,True,False,Low,False,True,True,True,Low,"Cat de porte small, temperamento playful."
159,Pet159,Dog,0.4,Large,Canine,Border Collie,Male,"Belo Horizonte, MG",High,Independent,High,True,False,False,High,False,True,True,False,Low,"Dog de porte large, temperamento calm."
160,Pet160,Cat,4.6,Small,Feline,Siamês,Male,"Curitiba, PR",Medium,Calm,Low,True,False,False,Medium,False,True,False,False,Medium,"Cat de porte small, temperamento playful."
161,Pet161,Dog,4.3,Large,Canine,Labrador,Male,"Belo Horizonte, MG",Medium,Affectionate,Low,True,False,True,Medium,False,True,True,True,Medium,"Dog de porte large, temperamento territorial."
162,Pet162,Cat,10.7,Small,Feline,SRD,Male,"São Paulo, SP",Medium,Calm,Medium,True,False,False,Low,False,True,False,False,Medium,"Cat de porte small, temperamento affectionate."
163,Pet163,Dog,7.7,Large,Canine,Vira-lata,Female,"São Paulo, SP",High,Independent,Low,True,True,False,High,False,True,True,False,High,"Dog de porte large, temperamento calm."
164,Pet164,Cat,10.3,Small,Feline,Siamês,Male,"Rio de Janeiro, RJ",High,Calm,Medium,True,False,True,Medium,False,True,True,True,Low,"Cat de porte small, temperamento calm."
165,Pet165,Dog,7.5,Medium,Canine,Border Collie,Female,"Rio de Janeiro, RJ",Medium,Independent,Low,False,False,False,Medium,False,False,True,False,High,"Dog de porte medium, temperamento calm."
166,Pet166,Cat,7.1,Small,Feline,Angorá,Female,"São Paulo, SP",High,Affectionate,High,True,True,False,Low,False,True,True,False,Low,"Cat de porte small, temperamento calm."
167,Pet167,Dog,6.8,Small,Canine,Bulldog,Male,"Rio de Janeiro, RJ",Low,Calm,High,False,False,False,Low,False,True,False,True,Low,"Dog de porte small, temperamento territorial."
168,Pet168,Cat,2.8,Small,Feline,Angorá,Male,"Belo Horizonte, MG",Low,Calm,Medium,False,False,True,Low,True,True,True,True,Medium,"Cat de porte small, temperamento territorial."
169,Pet169,Dog,8.4,Medium,Canine,Bulldog,Male,"Rio de Janeiro, RJ",Medium,Playful,Low,False,True,True,Medium,False,True,True,True,High,"Dog de porte medium, temperamento affectionate."
170,Pet170,Cat,7.6,Small,Feline,Siamês,Female,"Belo Horizonte, MG",Low,Calm,Low,False,True,False,Low,False,True,False,True,High,"Cat de porte small, temperamento calm."
171,Pet171,Dog,9.0,Large,Canine,Bulldog,Male,"São Paulo, SP",Low,Affectionate,High,False,True,True,Low,False,True,False,False,Medium,"Dog de porte large, temperamento affectionate."
172,Pet172,Cat,13.2,Small,Feline,Siamês,Male,"Rio de Janeiro, RJ",Low,Calm,Low,True,True,True,Low,False,True,True,False,Low,"Cat de porte small, temperamento calm."
173,Pet173,Dog,11.6,Large,Canine,Border Collie,Male,"Rio de Janeiro, RJ",Medium,Independent,Low,True,True,True,Medium,False,True,True,False,Low,"Dog de porte large, temperamento affectionate."
174,Pet174,Cat,1.6,Small,Feline,SRD,Male,"São Paulo, SP",High,Calm,Low,False,False,True,Low,False,True,True,False,High,"Cat de porte small, temperamento territorial."
175,Pet175,Cat,14.0,Small,Feline,Siamês,Female,"Rio de Janeiro, RJ",Low,Calm,Medium,True,False,True,Low,False,True,False,False,Medium,"Cat de porte small, temperamento affectionate."
176,Pet176,Dog,12.7,Medium,Canine,Poodle,Female,"Belo Horizonte, MG",Low,Playful,Low,True,False,False,Low,False,False,True,True,Medium,"Dog de porte medium, temperamento playful."
177,Pet177,Cat,8.9,Small,Feline,Angorá,Male,"Belo Horizonte, MG",Low,Independent,Medium,True,True,False,Low,False,True,True,True,Low,"Cat de porte small, temperamento calm."
178,Pet178,Cat,7.6,Small,Feline,Angorá,Male,"Rio de Janeiro, RJ",Low,Calm,Low,False,True,False,Medium,False,True,False,True,Medium,"Cat de porte small, temperamento independent."
179,Pet179,Dog,8.4,Small,Canine,Border Collie,Female,"São Paulo, SP",Low,Independent,High,True,True,True,Low,False,False,True,True,Medium,"Dog de porte small, temperamento calm."
180,Pet180,Dog,8.5,Small,Canine,Labrador,Female,"São Paulo, SP",Low,Independent,High,True,True,False,Low,False,True,True,True,High,"Dog de porte small, temperamento playful."
181,Pet181,Dog,13.5,Large,Canine,Poodle,Female,"São Paulo, SP",Medium,Independent,Medium,True,False,False,Medium,False,True,True,True,High,"Dog de porte large, temperamento territorial."
182,Pet182,Cat,5.5,Small,Feline,Persa,Male,"Rio de Janeiro, RJ",Low,Calm,High,False,True,False,Low,False,True,True,False,High,"Cat de porte small, temperamento playful."
183,Pet183,Dog,4.8,Medium,Canine,Labrador,Male,"Curitiba, PR",Low,Independent,Low,True,False,False,Low,False,True,True,True,Low,"Dog de porte medium, temperamento playful."
184,Pet184,Dog,11.1,Medium,Canine,Border Collie,Male,"São Paulo, SP",Medium,Affectionate,Medium,False,False,False,Medium,False,True,True,True,Medium,"Dog de porte medium, temperamento territorial."
185,Pet185,Dog,1.3,Small,Canine,Labrador,Female,"São Paulo, SP",Medium,Independent,Medium,False,True,True,Medium,False,True,True,False,Low,"Dog de porte small, temperamento independent."
186,Pet186,Cat,6.2,Small,Feline,Siamês,Female,"Rio de Janeiro, RJ",High,Calm,Low,True,False,True,Low,False,False,True,False,Medium,"Cat de porte small, temperamento playful."
187,Pet187,Dog,8.1,Small,Canine,Bulldog,Male,"São Paulo, SP",Medium,Independent,Low,True,True,False,Medium,False,True,True,True,Medium,"Dog de porte small, temperamento calm."
188,Pet188,Cat,11.1,Small,Feline,Maine Coon,Female,"Curitiba, PR",Low,Calm,High,True,True,False,Medium,False,True,True,False,Low,"Cat de porte small, temperamento independent."
189,Pet189,Dog,9.4,Small,Canine,Labrador,Female,"Belo Horizonte, MG",High,Territorial,Low,True,False,False,High,False,True,False,False,Low,"Dog de porte small, temperamento affectionate."
190,Pet190,Cat,12.7,Small,Feline,SRD,Male,"São Paulo, SP",Low,Affectionate,Low,False,True,True,Medium,False,True,True,False,Low,"Cat de porte small, temperamento playful."
191,Pet191,Cat,1.5,Small,Feline,Angorá,Female,"Curitiba, PR",Medium,Independent,High,True,False,False,Low,False,True,True,False,Low,"Cat de porte small, temperamento territorial."
192,Pet192,Dog,11.0,Small,Canine,Poodle,Female,"Belo Horizonte, MG",High,Independent,Medium,False,True,True,High,False,True,True,False,Medium,"Dog de porte small, temperamento calm."
193,Pet193,Cat,1.0,Small,Feline,Maine Coon,Female,"Curitiba, PR",Medium,Calm,Medium,False,True,True,Low,False,True,True,False,Low,"Cat de porte small, temperamento independent."
194,Pet194,Cat,10.3,Small,Feline,Angorá,Male,"Rio de Janeiro, RJ",Medium,Affectionate,Low,False,True,True,Medium,False,True,True,False,Low,"Cat de porte small, temperamento independent."
195,Pet195,Cat,2.7,Small,Feline,Siamês,Male,"Rio de Janeiro, RJ",Low,Calm,Medium,True,True,True,Low,False,True,True,False,High,"Cat de porte small, temperamento calm."
196,Pet196,Dog,8.4,Medium,Canine,Vira-lata,Female,"Curitiba, PR",Medium,Independent,Low,False,True,False,Medium,True,True,True,False,Low,"Dog de porte medium, temperamento playful."
197,Pet197,Dog,4.0,Large,Canine,Bulldog,Male,"São Paulo, SP",Low,Affectionate,Low,True,False,True,Low,False,True,True,False,High,"Dog de porte large, temperamento independent."
198,Pet198,Cat,6.6,Small,Feline,Siamês,Female,"Curitiba, PR",Medium,Territorial,High,True,True,True,Medium,False,True,True,False,High,"Cat de porte small, temperamento independent."
199,Pet199,Cat,6.9,Small,Feline,Persa,Female,"Curitiba, PR",High,Independent,Medium,False,False,False,Low,False,True,True,True,High,"Cat de porte small, temperamento affectionate."
200,Pet200,Cat,10.2,Small,Feline,Maine Coon,Female,"Curitiba, PR",High,Affectionate,Medium,True,True,False,Low,False,True,False,True,High,"Cat de porte small, temperamento affectionate."
201,Pet201,Cat,11.9,Small,Feline,Angorá,Male,"Curitiba, PR",High,Calm,Medium,True,True,False,Medium,False,True,True,True,Low,"Cat de porte small, temperamento playful."
202,Pet202,Cat,6.1,Small,Feline,Persa,Female,"Curitiba, PR",Low,Territorial,Medium,True,True,True,Medium,False,True,True,False,Low,"Cat de porte small, temperamento territorial."
203,Pet203,Dog,7.6,Large,Canine,Bulldog,Male,"Rio de Janeiro, RJ",Medium,Playful,Low,True,False,False,Medium,False,True,False,True,Low,"Dog de porte large, temperamento affectionate."
204,Pet204,Cat,4.6,Small,Feline,SRD,Male,"Belo Horizonte, MG",High,Independent,Low,False,True,False,Low,False,True,True,False,High,"Cat de porte small, temperamento affectionate."
205,Pet205,Cat,5.6,Small,Feline,SRD,Male,"Curitiba, PR",Medium,Calm,Medium,False,True,True,Medium,True,True,True,False,Medium,"Cat de porte small, temperamento playful."
206,Pet206,Dog,8.4,Medium,Canine,Vira-lata,Male,"São Paulo, SP",High,Independent,Medium,True,True,True,High,False,True,True,False,Medium,"Dog de porte medium, temperamento independent."
207,Pet207,Dog,0.6,Small,Canine,Vira-lata,Male,"Rio de Janeiro, RJ",Medium,Calm,High,True,True,False,Medium,False,True,True,False,High,"Dog de porte small, temperamento calm."
208,Pet208,Dog,9.3,Large,Canine,Labrador,Male,"São Paulo, SP",Low,Affectionate,Medium,True,True,True,Low,False,True,True,True,High,"Dog de porte large, temperamento calm."
209,Pet209,Cat,6.0,Small,Feline,SRD,Male,"Curitiba, PR",High,Calm,Low,True,False,False,Low,False,False,True,False,Low,"Cat de porte small, temperamento calm."
210,Pet210,Cat,4.8,Small,Feline,SRD,Male,"São Paulo, SP",Low,Calm,High,False,True,True,Medium,False,True,True,True,Low,"Cat de porte small, temperamento affectionate."
211,Pet211,Cat,1.0,Small,Feline,Siamês,Male,"Curitiba, PR",Medium,Independent,High,True,False,True,Medium,False,True,False,False,Low,"Cat de porte small, temperamento independent."
212,Pet212,Cat,12.3,Small,Feline,SRD,Female,"Curitiba, PR",Medium,Playful,Low,True,False,True,Medium,False,False,False,False,Low,"Cat de porte small, temperamento calm."
213,Pet213,Dog,1.1,Large,Canine,Vira-lata,Male,"Belo Horizonte, MG",High,Territorial,Medium,False,False,True,High,False,True,True,False,High,"Dog de porte large, temperamento playful."
214,Pet214,Cat,12.5,Small,Feline,Maine Coon,Male,"São Paulo, SP",Medium,Independent,High,True,False,False,Low,False,True,True,False,High,"Cat de porte small, temperamento independent."
215,Pet215,Dog,10.3,Medium,Canine,Bulldog,Female,"Belo Horizonte, MG",High,Playful,High,False,False,True,High,False,True,True,False,Low,"Dog de porte medium, temperamento calm."
216,Pet216,Cat,4.8,Small,Feline,Persa,Male,"Rio de Janeiro, RJ",Medium,Territorial,High,True,False,True,Low,False,True,True,False,Medium,"Cat de porte small, temperamento calm."
217,Pet217,Cat,1.7,Small,Feline,Maine Coon,Male,"São Paulo, SP",High,Calm,High,False,False,False,Low,False,True,True,True,Low,"Cat de porte small, temperamento playful."
218,Pet218,Cat,10.1,Small,Feline,Persa,Female,"São Paulo, SP",Medium,Calm,High,True,True,False,Medium,False,True,True,False,Low,"Cat de porte small, temperamento playful."
219,Pet219,Cat,1.8,Small,Feline,Angorá,Male,"Rio de Janeiro, RJ",Low,Calm,Medium,True,False,True,Medium,False,True,True,False,High,"Cat de porte small, temperamento territorial."
220,Pet220,Dog,9.3,Medium,Canine,Shih Tzu,Male,"Belo Horizonte, MG",Medium,Calm,High,False,True,True,Medium,False,False,False,False,High,"Dog de porte medium, temperamento territorial."
221,Pet221,Dog,1.7,Large,Canine,Border Collie,Female,"Belo Horizonte, MG",Low,Affectionate,High,False,False,True,Low,False,False,True,True,Medium,"Dog de porte large, temperamento territorial."
222,Pet222,Cat,10.1,Small,Feline,Angorá,Male,"Rio de Janeiro, RJ",High,Playful,High,False,False,False,Medium,False,True,False,True,High,"Cat de porte small, temperamento independent."
223,Pet223,Dog,6.9,Medium,Canine,Shih Tzu,Female,"Curitiba, PR",High,Affectionate,Low,True,True,True,High,False,True,False,True,Medium,"Dog de porte medium, temperamento independent."
224,Pet224,Dog,11.0,Small,Canine,Vira-lata,Male,"Curitiba, PR",High,Affectionate,Low,True,False,False,High,False,True,True,False,High,"Dog de porte small, temperamento independent."
225,Pet225,Dog,6.0,Medium,Canine,Border Collie,Female,"São Paulo, SP",Medium,Calm,High,True,False,False,Medium,False,True,False,False,High,"Dog de porte medium, temperamento independent."
226,Pet226,Dog,4.3,Large,Canine,Vira-lata,Male,"Rio de Janeiro, RJ",Low,Playful,High,True,True,True,Low,False,True,True,True,Medium,"Dog de porte large, temperamento affectionate."
227,Pet227,Dog,13.0,Small,Canine,Shih Tzu,Male,"Curitiba, PR",Low,Affectionate,High,True,True,False,Low,False,False,True,False,Low,"Dog de porte small, temperamento affectionate."
228,Pet228,Cat,3.3,Small,Feline,Siamês,Female,"Curitiba, PR",Low,Independent,Medium,True,False,True,Medium,False,True,False,True,High,"Cat de porte small, temperamento independent."
229,Pet229,Cat,13.4,Small,Feline,Persa,Female,"São Paulo, SP",Low,Affectionate,Medium,True,True,False,Low,False,True,False,False,Low,"Cat de porte small, temperamento independent."
230,Pet230,Dog,1.4,Medium,Canine,Labrador,Male,"São Paulo, SP",High,Calm,Low,False,False,False,High,False,True,True,False,High,"Dog de porte medium, temperamento affectionate."
231,Pet231,Dog,2.4,Large,Canine,Bulldog,Female,"São Paulo, SP",High,Calm,Low,True,False,False,High,False,True,True,True,High,"Dog de porte large, temperamento affectionate."
232,Pet232,Cat,5.6,Small,Feline,SRD,Male,"São Paulo, SP",Medium,Territorial,Low,False,True,False,Low,False,True,True,True,Medium,"Cat de porte small, temperamento affectionate."
233,Pet233,Cat,6.8,Small,Feline,Angorá,Male,"Rio de Janeiro, RJ",High,Affectionate,High,True,False,True,Low,False,False,False,False,Low,"Cat de porte small, temperamento territorial."
234,Pet234,Dog,0.4,Small,Canine,Shih Tzu,Female,"São Paulo, SP",Low,Independent,Low,False,False,True,Low,False,True,True,True,Low,"Dog de porte small, temperamento territorial."
235,Pet235,Cat,2.8,Small,Feline,Angorá,Male,"Belo Horizonte, MG",Low,Territorial,Low,True,True,True,Low,False,True,True,True,High,"Cat de porte small, temperamento playful."
236,Pet236,Dog,1.3,Medium,Canine,Vira-lata,Female,"Belo Horizonte, MG",High,Affectionate,Medium,True,True,False,High,False,True,True,False,Low,"Dog de porte medium, temperamento independent."
237,Pet237,Dog,10.4,Small,Canine,Bulldog,Female,"Curitiba, PR",High,Playful,High,False,False,True,High,False,True,True,True,High,"Dog de porte small, temperamento calm."
238,Pet238,Cat,3.9,Small,Feline,SRD,Male,"São Paulo, SP",Low,Territorial,High,True,True,True,Low,False,False,True,False,High,"Cat de porte small, temperamento affectionate."
239,Pet239,Dog,3.4,Medium,Canine,Shih Tzu,Female,"Rio de Janeiro, RJ",Medium,Affectionate,High,True,True,True,Medium,False,True,False,False,Low,"Dog de porte medium, temperamento territorial."
240,Pet240,Dog,2.8,Medium,Canine,Shih Tzu,Male,"Belo Horizonte, MG",Low,Independent,Low,True,True,True,Low,False,True,True,False,Medium,"Dog de porte medium, temperamento affectionate."
241,Pet241,Cat,0.8,Small,Feline,Persa,Male,"Curitiba, PR",Medium,Independent,High,True,True,False,Low,False,True,False,False,Medium,"Cat de porte small, temperamento playful."
242,Pet242,Cat,7.0,Small,Feline,Maine Coon,Male,"Rio de Janeiro, RJ",Medium,Affectionate,Low,True,True,True,Medium,False,True,True,False,High,"Cat de porte small, temperamento playful."
243,Pet243,Cat,6.9,Small,Feline,Maine Coon,Female,"Rio de Janeiro, RJ",Medium,Territorial,Low,True,True,True,Low,False,True,True,False,High,"Cat de porte small, temperamento playful."
244,Pet244,Dog,12.9,Small,Canine,Shih Tzu,Female,"São Paulo, SP",Medium,Independent,Low,True,False,True,Medium,False,True,True,True,High,"Dog de porte small, temperamento playful."
245,Pet245,Cat,12.9,Small,Feline,Angorá,Male,"Rio de Janeiro, RJ",Low,Affectionate,Medium,True,True,True,Medium,False,True,False,False,Low,"Cat de porte small, temperamento affectionate."
246,Pet246,Dog,10.6,Large,Canine,Labrador,Female,"Rio de Janeiro, RJ",High,Territorial,High,False,False,False,High,False,True,True,True,High,"Dog de porte large, temperamento affectionate."
247,Pet247,Dog,5.1,Medium,Canine,Border Collie,Male,"Belo Horizonte, MG",Medium,Playful,Medium,True,True,False,Medium,False,False,True,True,High,"Dog de porte medium, temperamento calm."
248,Pet248,Dog,5.4,Large,Canine,Vira-lata,Female,"Belo Horizonte, MG",Low,Independent,Low,True,False,True,Low,False,True,True,True,High,"Dog de porte large, temperamento affectionate."
249,Pet249,Dog,11.0,Medium,Canine,Bulldog,Male,"Curitiba, PR",High,Territorial,High,True,False,False,High,False,True,True,False,Low,"Dog de porte medium, temperamento playful."
250,Pet250,Cat,1.7,Small,Feline,Angorá,Female,"Curitiba, PR",High,Territorial,High,False,False,True,Low,False,True,True,True,High,"Cat de porte small, temperamento affectionate."
251,Pet251,Dog,3.3,Small,Canine,Labrador,Male,"Belo Horizonte, MG",Medium,Affectionate,High,False,True,False,Medium,True,True,True,False,Low,"Dog de porte small, temperamento playful."
252,Pet252,Cat,11.0,Small,Feline,Angorá,Male,"Rio de Janeiro, RJ",Low,Calm,Medium,True,True,True,Low,False,True,True,True,High,"Cat de porte small, temperamento playful."
253,Pet253,Dog,1.2,Large,Canine,Labrador,Female,"Curitiba, PR",High,Independent,Medium,True,False,True,High,False,True,True,False,High,"Dog de porte large, temperamento calm."
254,Pet254,Cat,11.3,Small,Feline,Persa,Female,"Belo Horizonte, MG",Medium,Affectionate,High,True,True,True,Low,False,True,False,False,Medium,"Cat de porte small, temperamento calm."
255,Pet255,Cat,9.0,Small,Feline,Siamês,Male,"Curitiba, PR",Low,Affectionate,Medium,True,True,False,Medium,False,True,True,False,Low,"Cat de porte small, temperamento territorial."
256,Pet256,Dog,5.1,Medium,Canine,Shih Tzu,Female,"Rio de Janeiro, RJ",Medium,Playful,Medium,False,True,True,Medium,False,True,False,False,Medium,"Dog de porte medium, temperamento playful."
257,Pet257,Dog,9.6,Small,Canine,Border Collie,Female,"São Paulo, SP",Low,Territorial,Low,False,True,True,Low,False,False,True,True,Low,"Dog de porte small, temperamento territorial."
258,Pet258,Cat,10.6,Small,Feline,Siamês,Male,"Belo Horizonte, MG",Medium,Affectionate,High,True,True,False,Low,False,True,True,False,Medium,"Cat de porte small, temperamento calm."
259,Pet259,Dog,5.5,Large,Canine,Labrador,Female,"Curitiba, PR",Low,Territorial,Medium,True,True,True,Low,False,True,True,False,Medium,"Dog de porte large, temperamento independent."
260,Pet260,Cat,6.5,Small,Feline,Angorá,Male,"Rio de Janeiro, RJ",Medium,Calm,High,True,True,True,Medium,False,True,False,True,Low,"Cat de porte small, temperamento playful."
261,Pet261,Cat,13.9,Small,Feline,Angorá,Female,"Belo Horizonte, MG",Medium,Independent,Medium,True,True,True,Low,False,True,False,False,High,"Cat de porte small, temperamento calm."
262,Pet262,Cat,3.9,Small,Feline,Persa,Female,"Curitiba, PR",High,Calm,Medium,True,False,False,Medium,False,True,True,True,Medium,"Cat de porte small, temperamento independent."
263,Pet263,Cat,10.9,Small,Feline,Maine Coon,Male,"Belo Horizonte, MG",High,Territorial,Medium,True,False,False,Medium,False,False,True,False,Medium,"Cat de porte small, temperamento calm."
264,Pet264,Dog,3.4,Small,Canine,Poodle,Female,"Curitiba, PR",Medium,Territorial,High,True,False,False,Medium,False,True,True,False,Low,"Dog de porte small, temperamento playful."
265,Pet265,Dog,3.5,Small,Canine,Poodle,Male,"Rio de Janeiro, RJ",High,Playful,Medium,True,True,False,High,False,True,True,False,Low,"Dog de porte small, temperamento calm."
266,Pet266,Cat,1.5,Small,Feline,Maine Coon,Female,"Rio de Janeiro, RJ",High,Playful,High,True,False,True,Low,False,True,True,False,Medium,"Cat de porte small, temperamento affectionate."
267,Pet267,Cat,7.8,Small,Feline,Siamês,Male,"Belo Horizonte, MG",High,Territorial,Medium,True,False,True,Medium,False,True,False,False,Medium,"Cat de porte small, temperamento affectionate."
268,Pet268,Cat,0.4,Small,Feline,Angorá,Male,"Curitiba, PR",Low,Independent,Medium,True,False,True,Medium,False,True,False,False,High,"Cat de porte small, temperamento playful."
269,Pet269,Dog,2.9,Large,Canine,Shih Tzu,Female,"Belo Horizonte, MG",Medium,Playful,Low,False,False,False,Medium,False,True,True,False,High,"Dog de porte large, temperamento independent."
270,Pet270,Cat,6.0,Small,Feline,SRD,Male,"Rio de Janeiro, RJ",High,Independent,Low,True,False,True,Medium,False,True,True,True,High,"Cat de porte small, temperamento calm."
271,Pet271,Dog,4.0,Small,Canine,Border Collie,Female,"São Paulo, SP",Medium,Playful,Low,True,True,True,Medium,False,True,False,False,Low,"Dog de porte small, temperamento independent."
272,Pet272,Dog,4.0,Small,Canine,Bulldog,Male,"Belo Horizonte, MG",Low,Playful,Low,False,True,True,Low,True,False,False,True,Medium,"Dog de porte small, temperamento playful."
273,Pet273,Dog,10.4,Small,Canine,Labrador,Male,"Belo Horizonte, MG",Medium,Affectionate,High,False,False,True,Medium,False,True,True,True,Medium,"Dog de porte small, temperamento independent."
274,Pet274,Dog,12.1,Medium,Canine,Vira-lata,Male,"Rio de Janeiro, RJ",Low,Affectionate,Medium,True,False,False,Low,False,True,False,False,High,"Dog de porte medium, temperamento affectionate."
275,Pet275,Dog,3.7,Medium,Canine,Bulldog,Male,"Curitiba, PR",Low,Calm,Low,True,True,True,Low,False,True,True,False,High,"Dog de porte medium, temperamento independent."
276,Pet276,Cat,0.6,Small,Feline,Maine Coon,Female,"Rio de Janeiro, RJ",High,Independent,Low,True,True,True,Low,False,True,True,True,High,"Cat de porte small, temperamento affectionate."
277,Pet277,Cat,1.2,Small,Feline,Siamês,Female,"Curitiba, PR",High,Independent,High,True,True,False,Low,False,True,True,False,High,"Cat de porte small, temperamento playful."
278,Pet278,Cat,9.3,Small,Feline,Angorá,Female,"Rio de Janeiro, RJ",High,Territorial,High,True,True,False,Low,False,True,True,False,Low,"Cat de porte small, temperamento calm."
279,Pet279,Dog,3.1,Small,Canine,Bulldog,Male,"São Paulo, SP",Low,Calm,High,True,True,True,Low,False,True,True,True,High,"Dog de porte small, temperamento calm."
280,Pet280,Dog,7.0,Small,Canine,Labrador,Female,"São Paulo, SP",High,Independent,High,False,False,False,High,False,True,True,False,High,"Dog de porte small, temperamento calm."
281,Pet281,Cat,13.5,Small,Feline,SRD,Male,"Rio de Janeiro, RJ",Low,Territorial,Medium,True,True,True,Low,False,True,False,False,Low,"Cat de porte small, temperamento territorial."
282,Pet282,Cat,9.9,Small,Feline,Maine Coon,Male,"Rio de Janeiro, RJ",High,Playful,High,True,True,True,Medium,False,True,True,True,Medium,"Cat de porte small, temperamento independent."
283,Pet283,Cat,11.6,Small,Feline,Persa,Male,"Rio de Janeiro, RJ",High,Affectionate,High,False,True,False,Medium,False,True,False,False,High,"Cat de porte small, temperamento calm."
284,Pet284,Dog,4.4,Medium,Canine,Vira-lata,Male,"Curitiba, PR",Low,Calm,High,False,False,True,Low,False,True,True,False,Low,"Dog de porte medium, temperamento playful."
285,Pet285,Cat,3.5,Small,Feline,Persa,Male,"Belo Horizonte, MG",Medium,Territorial,Low,False,False,False,Low,False,True,True,False,Low,"Cat de porte small, temperamento territorial."
286,Pet286,Cat,1.4,Small,Feline,SRD,Female,"Curitiba, PR",Low,Affectionate,Medium,False,True,False,Medium,False,True,False,False,High,"Cat de porte small, temperamento affectionate."
287,Pet287,Dog,0.9,Medium,Canine,Shih Tzu,Male,"Curitiba, PR",High,Territorial,High,True,True,False,High,False,True,True,False,Low,"Dog de porte medium, temperamento affectionate."
288,Pet288,Cat,2.1,Small,Feline,SRD,Female,"São Paulo, SP",Medium,Territorial,Medium,True,True,True,Low,False,True,True,True,Medium,"Cat de porte small, temperamento territorial."
289,Pet289,Dog,14.0,Large,Canine,Shih Tzu,Male,"Rio de Janeiro, RJ",High,Calm,Medium,False,True,False,High,True,True,True,True,Medium,"Dog de porte large, temperamento independent."
290,Pet290,Dog,13.8,Medium,Canine,Shih Tzu,Female,"Rio de Janeiro, RJ",Low,Affectionate,Low,False,True,False,Low,False,True,True,False,Low,"Dog de porte medium, temperamento territorial."
291,Pet291,Dog,5.0,Medium,Canine,Labrador,Female,"Belo Horizonte, MG",Low,Affectionate,Low,True,False,True,Low,False,True,True,False,Low,"Dog de porte medium, temperamento calm."
292,Pet292,Cat,3.8,Small,Feline,SRD,Female,"Rio de Janeiro, RJ",High,Territorial,Medium,True,False,True,Low,False,True,False,False,Low,"Cat de porte small, temperamento calm."
293,Pet293,Cat,3.5,Small,Feline,Maine Coon,Male,"Curitiba, PR",High,Affectionate,High,True,True,True,Medium,False,False,True,True,High,"Cat de porte small, temperamento independent."
294,Pet294,Cat,10.5,Small,Feline,SRD,Female,"Curitiba, PR",Medium,Independent,High,True,False,False,Medium,False,True,True,True,Low,"Cat de porte small, temperamento territorial."
295,Pet295,Cat,5.0,Small,Feline,Maine Coon,Male,"São Paulo, SP",Low,Affectionate,High,False,False,False,Low,False,True,True,False,High,"Cat de porte small, temperamento independent."
296,Pet296,Cat,3.1,Small,Feline,Siamês,Male,"Rio de Janeiro, RJ",High,Independent,High,False,True,True,Low,False,False,True,False,Low,"Cat de porte small, temperamento independent."
297,Pet297,Dog,13.3,Large,Canine,Labrador,Male,"Curitiba, PR",High,Playful,High,True,True,False,High,False,True,False,False,High,"Dog de porte large, temperamento independent."
298,Pet298,Dog,2.1,Small,Canine,Labrador,Female,"Rio de Janeiro, RJ",Low,Territorial,Low,True,True,True,Low,False,True,False,False,High,"Dog de porte small, temperamento independent."
299,Pet299,Dog,6.8,Medium,Canine,Vira-lata,Male,"Rio de Janeiro, RJ",Medium,Calm,Medium,False,True,True,Medium,False,True,False,False,Low,"Dog de porte medium, temperamento playful."
300,Pet300,Cat,9.7,Small,Feline,Maine Coon,Male,"Belo Horizonte, MG",High,Affectionate,Low,True,False,False,Medium,False,False,True,False,High,"Cat de porte small, temperamento calm."
